No,Provinsi SPPG,Kab./Kota SPPG,Kecamatan SPPG,Kelurahan/Desa SPPG,Nama SPPG
1,ACEH,ACEH BARAT,JOHAN PAHLAWAN,KUTA PADANG,SPPG Kab. Aceh Barat - Johan Pahwalan
2,ACEH,ACEH BARAT DAYA,SUSOH,KEPALA BANDAR,SPPG SUSOH KEPALA BANDAR
3,ACEH,ACEH BESAR,DARUL IMARAH,LAM BHEU,SPPG Kab. Aceh Besar - Darul Imarah
4,ACEH,ACEH JAYA,KRUENG SABEE,KABONG,SPPG KRUENG SABEE KABONG
5,ACEH,ACEH SELATAN,TAPAKTUAN,LHOK BENGKUANG,SPPG Kab. Aceh Selatan - Tapaktuan
6,ACEH,ACEH TAMIANG,KEJURUAN MUDA,BUKIT RATA,SPPG Aceh Tamiang -  Kejuruan Muda
7,ACEH,ACEH TENGAH,BEBESEN,BLANG KOLAK II,SPPG Kab. Aceh Tengah - Bebesen
8,ACEH,ACEH TENGGARA,BABUSSALAM,PEKHAPAT SEPAKAT,SPPG Kab. Aceh Tenggara - Babussalam
9,ACEH,ACEH TIMUR,PEUREULAK,ALUE NIBONG,SPPG Kab. Aceh Timur - Peureulak
10,ACEH,ACEH UTARA,T. JAMBO AYE,TANJONG MEUNYE,DAPUR SPPG HARAPAN BARU BERSAMA
11,ACEH,ACEH UTARA,SEUNUDDON,MATANG KARIENG,SPPG KAB. ACEH UTARA-SEUNUDDON
12,ACEH,BENER MERIAH,BUKIT,BABUSSALAM,SPPG BUKIT BABUSSALAM
13,ACEH,BIREUEN,PEUDADA,MEUNASAH PULO,SPPG Kab. Bireuen - Peudada
14,ACEH,GAYO LUES,BLANGKEJEREN,KUTE LINTANG,SPPG BLANGKEJEREN
15,ACEH,KOTA BANDA ACEH,SYIAH KUALA,TIBANG,SPPG SYIAHKUALA
16,ACEH,KOTA BANDA ACEH,ULEE KARENG,LAMBHUK,SPPG Kota Banda Aceh - Ulee Kareng
17,ACEH,KOTA LANGSA,LANGSA KOTA,DAULAT,SPPG LANGSA KOTA
18,ACEH,KOTA LHOKSEUMAWE,BANDA SAKTI,HAGU TEUNGOH,SPPG BANDA SAKTI
19,ACEH,KOTA SABANG,SUKAKARYA,KUTA BARAT,SPPG BUSTANUL FAKRI ACEH
20,ACEH,KOTA SUBULUSSALAM,RUNDENG,LAE PEMULAAN,SPPG RUNDENG
21,ACEH,NAGAN RAYA,SEUNAGAN,PAROM,SPPG SEUNAGAN PAROM
22,ACEH,PIDIE,PEUKAN BARO,DUA PAYA,SPPG PEUKANBARO DUA PAYA
23,ACEH,PIDIE JAYA,BANDAR DUA,MEUKO BULOH,SPPG BANDAR DUA MEUKO BULOH
24,ACEH,SIMEULUE,SIMEULUE CUT,LATAK AYAH,SPPG Kab. Simeulue - Simeulue Cut
25,BALI,JEMBRANA,NEGARA,LELATENG,SPPG Kab. Jembrana - Negara
26,BALI,JEMBRANA,PEKUTATAN,PEKUTATAN,SPPG Kab. Jembrana - Pekutatan
27,BALI,KARANGASEM,KARANGASEM,SUBAGAN,SPPG Kab. Karangasem - Karangasem
28,BALI,KLUNGKUNG,KLUNGKUNG,SELAT,SPPG KLUNGKUNG SELAT
29,BALI,TABANAN,SELEMADEG TIMUR,BANTAS,SPPG Kab. Tabanan - Selemadeg Timur
30,BANTEN,KOTA CILEGON,GEROGOL,RAWA ARUM,SPPG YAYASAN INSAN CITA PADJADJARAN
31,BANTEN,KOTA SERANG,CIPOCOK JAYA,BANJARSARI,SPPG CIPOCOK JAYA
32,BANTEN,KOTA TANGERANG,JATIUWUNG,KERONCONG,SPPG KERONCONG JATIUWUNG
33,BANTEN,KOTA TANGERANG,PINANG,NEROKTOG,SPPG Kota Tangerang - Pinang
34,BANTEN,KOTA TANGERANG SELATAN,SERPONG,LENGKONG WETAN,SPPG Khusus Kota Tangerang Selatan - Serpong
35,BANTEN,KOTA TANGERANG SELATAN,PAMULANG,PAMULANG BARAT,"SPPG Kec. Pamulang, Tangerang Selatan"
36,BANTEN,KOTA TANGERANG SELATAN,SERPONG,CIATER,SPPG YAYASAN RESTU BUNDA EMI - CIATER SERPONG
37,BANTEN,KOTA TANGERANG SELATAN,CIPUTAT TIMUR,CEMPAKA PUTIH,SPPG Kota Tangerang Selatan - Ciputat Timur
38,BANTEN,PANDEGLANG,MENES,MENES,SPPG Daar El Mustadh`afin Kec. Menes
39,BANTEN,PANDEGLANG,LABUAN,BANYUBIRU,SPPG Labuan
40,BANTEN,SERANG,PADARINCANG,CURUG GOONG,SPPG CURUG GOONG PADARINCANG
41,BANTEN,TANGERANG,TIGARAKSA,SODONG,SPPG SODONG TIGARAKSA
42,BANTEN,TANGERANG,PASAR KEMIS,SUKAMANTRI,SPPG Kab.Tangerang - Pasar Kemis
43,BANTEN,TANGERANG,TIGARAKSA,TIGARAKSA,SPPG Kab. Tangerang - Tigaraksa
44,BANTEN,TANGERANG,CIKUPA,SUKAMULYA,SPPG SUKAMULYA CIKUPA
45,BANTEN,TANGERANG,CURUG,CURUG KULON,SPPG Kab. Tangerang - Curug
46,BENGKULU,KAUR,KAUR SELATAN,SUKA BANDUNG,SPPG Yayasan Cahaya Sriwijaya Nusantara - Kab. Kaur - Kaur Selatan
47,BENGKULU,KOTA BENGKULU,SINGARAN PATI,PADANG NANGKA,"SPPG KHUSUS KOTA BENGKULU, SINGARAN PATI"
48,BENGKULU,KOTA BENGKULU,RATU AGUNG,KEBUN TEBENG,SPPG RATU AGUNG 1 KOTA BENGKULU
49,BENGKULU,MUKO MUKO,KOTA MUKOMUKO,KOTO JAYA,SPPG KOTA MUKOMUKO
50,DAERAH ISTIMEWA YOGYAKARTA,BANTUL,BANGUNTAPAN,BANGUNTAPAN,SPPG LANUD ADISUTJIPTO
51,DAERAH ISTIMEWA YOGYAKARTA,BANTUL,SEWON,PANGGUNGHARJO,"SPPG Kabupaten Bantul, Kecamatan Sewon 2"
52,DAERAH ISTIMEWA YOGYAKARTA,BANTUL,SEWON,PANGGUNGHARJO,SPPG Panggung Harjo Sewon Bantul I
53,DAERAH ISTIMEWA YOGYAKARTA,GUNUNGKIDUL,WONOSARI,WONOSARI,SPPG KHUSUS KABUPATEN GUNUNGKIDUL
54,DAERAH ISTIMEWA YOGYAKARTA,GUNUNGKIDUL,TEPUS,TEPUS,"SPPG Kab. Gunungkidul, Kec. Tepus"
55,DAERAH ISTIMEWA YOGYAKARTA,KOTA YOGYAKARTA,KOTAGEDE,PURBAYAN,SPPG Kecamatan Kotagede Yogyakarta
56,DAERAH ISTIMEWA YOGYAKARTA,KOTA YOGYAKARTA,UMBULHARJO,PANDEYAN,SPPG KOTA YOGYAKARTA UMBULHARJO 1
57,DAERAH ISTIMEWA YOGYAKARTA,KOTA YOGYAKARTA,UMBULHARJO,SOROSUTAN,SPPG SOROSUTAN UMBULHARJO Yogyakarta
58,DAERAH ISTIMEWA YOGYAKARTA,KULON PROGO,SENTOLO,SUKORENO,SPPG Kab. Kulon Progo - Sentolo
59,DAERAH ISTIMEWA YOGYAKARTA,SLEMAN,DEPOK,CATURTUNGGAL,SPPG Khusus Kabupaten Sleman - Depok
60,DAERAH ISTIMEWA YOGYAKARTA,SLEMAN,NGEMPLAK,UMBULMARTANI,SPPG UMBULMARTANI NGEMPLAK SLEMAN 1
61,DAERAH ISTIMEWA YOGYAKARTA,SLEMAN,SLEMAN,TRIDADI,SPPG KAB.SLEMAN-SLEMAN 1
62,DAERAH ISTIMEWA YOGYAKARTA,SLEMAN,GODEAN,SIDOKARTO,SPPG Sidokarto Godean Sleman
63,DAERAH ISTIMEWA YOGYAKARTA,SLEMAN,KALASAN,TIRTOMARTANI,SPPG Yayasan Amanah Puri Annisa Kecamatan Kalasan - Kabupaten Sleman
64,DAERAH ISTIMEWA YOGYAKARTA,SLEMAN,KALASAN,PURWOMARTANI,"SPPG Yayasan Patriot Solidaritas Nusantara Kecamatan Kalasan, KabupatenÂ Sleman"
65,DAERAH ISTIMEWA YOGYAKARTA,SLEMAN,SEYEGAN,MARGOLUWIH,"Yayasan Buana Insan Madani, Kecamatan Seyegan, Kabupaten Sleman"
66,DAERAH ISTIMEWA YOGYAKARTA,SLEMAN,KALASAN,TAMANMARTANI,"Yayasan Lazuardi Kendari Kecamatan Kalasan, Kabupaten Sleman"
67,DAERAH ISTIMEWA YOGYAKARTA,SLEMAN,SLEMAN,TRIDADI,SPPG Kab. Sleman - Sleman 2
68,DAERAH ISTIMEWA YOGYAKARTA,SLEMAN,CANGKRINGAN,UMBULHARJO,SPPG Mandiri Kab. Sleman - Cangkringan 1
69,DKI JAKARTA,ADM. KEP. SERIBU,KEPULAUAN SERIBU UTARA,PULAU PANGGANG,SPPG PULAU PANGGANG KEP. SERIBU UTARA
70,DKI JAKARTA,KOTA ADM. JAKARTA BARAT,PAL MERAH,SLIPI,SPPG Khusus Kota Jakarta Barat - Pal Merah
71,DKI JAKARTA,KOTA ADM. JAKARTA BARAT,KALIDERES,KALIDERES,SPPG KALIDERES JAKBAR
72,DKI JAKARTA,KOTA ADM. JAKARTA SELATAN,KEBAYORAN LAMA,CIPULIR,"SPPG Khusus Seskoal, Kec. Kebayoran Lama"
73,DKI JAKARTA,KOTA ADM. JAKARTA SELATAN,PASAR MINGGU,CILANDAK TIMUR,SPPG KHUSUS BRIGIF 1 MAR (TNI AL)
74,DKI JAKARTA,KOTA ADM. JAKARTA SELATAN,TEBET,KEBON BARU,SPPG KEBON BARU TEBET
75,DKI JAKARTA,KOTA ADM. JAKARTA SELATAN,KEBAYORAN LAMA,KEBAYORAN LAMA SELATAN,SPPG Kota Jakarta Selatan - Kebayoran Lama 3
76,DKI JAKARTA,KOTA ADM. JAKARTA SELATAN,KEBAYORAN BARU,CIPETE UTARA,SPPG YAYASAN MELANI METAKOGNISI INDONESIA
77,DKI JAKARTA,KOTA ADM. JAKARTA SELATAN,MAMPANG PRAPATAN,BANGKA,SPPG Kemang 1 (Yayasan Gerakan Solidaritas Nasional) Jakarta Selatan
78,DKI JAKARTA,KOTA ADM. JAKARTA SELATAN,PANCORAN,DUREN TIGA,SPPG YAYASAN PONDOK TAHFIZ FAJAR CENDEKIA
79,DKI JAKARTA,KOTA ADM. JAKARTA SELATAN,PANCORAN,RAWAJATI,SPPG Jakarta Selatan - Pancoran 01
80,DKI JAKARTA,KOTA ADM. JAKARTA SELATAN,MAMPANG PRAPATAN,BANGKA,SPPG KEMANG II JAKSEL
81,DKI JAKARTA,KOTA ADM. JAKARTA TIMUR,MAKASAR,HALIM PERDANA KUSUMA,SPPG Kota Jakarta Timur - Makasar (TNI AU)
82,DKI JAKARTA,KOTA ADM. JAKARTA TIMUR,CAKUNG,PENGGILINGAN,SPPG Penggilingan 1 Cakung Jakarta Timur
83,DKI JAKARTA,KOTA ADM. JAKARTA TIMUR,CAKUNG,PULO GEBANG,SPPG Kota Jakarta Timur - Cakung
84,DKI JAKARTA,KOTA ADM. JAKARTA TIMUR,DUREN SAWIT,DUREN SAWIT,SPPG Kota Jakarta Timur - Duren Sawit
85,DKI JAKARTA,KOTA ADM. JAKARTA TIMUR,CIRACAS,CIRACAS,SPPG Kota Jakarta Timur - Ciracas 01
86,DKI JAKARTA,KOTA ADM. JAKARTA TIMUR,PULOGADUNG,JATINEGARA KAUM,SPPG Kota Jakarta Timur - Pulogadung 01
87,DKI JAKARTA,KOTA ADM. JAKARTA TIMUR,CIRACAS,RAMBUTAN,SPPG Kota Jakarta Timur - Ciracas 05
88,DKI JAKARTA,KOTA ADM. JAKARTA TIMUR,PULOGADUNG,JATI,SPPG Kota Jakarta Timur - Pulogadung 02
89,DKI JAKARTA,KOTA ADM. JAKARTA TIMUR,CIRACAS,SUSUKAN,SPPG Kota Jakarta Timur - Ciracas 02
90,DKI JAKARTA,KOTA ADM. JAKARTA TIMUR,CAKUNG,PENGGILINGAN,SPPG Penggilingan 2 CAKUNG JAKARTA TIMUR
91,DKI JAKARTA,KOTA ADM. JAKARTA TIMUR,CIRACAS,CIRACAS,SPPG CIRACAS JAKTIM
92,DKI JAKARTA,KOTA ADM. JAKARTA TIMUR,PULOGADUNG,JATI,SPPG Kota Jakarta Timur - Pulogadung 5
93,DKI JAKARTA,KOTA ADM. JAKARTA TIMUR,PULOGADUNG,JATINEGARA KAUM,SPPG JATINEGARA KAUM PULOGADUNG 4
94,DKI JAKARTA,KOTA ADM. JAKARTA TIMUR,PULOGADUNG,JATINEGARA KAUM,SPPG JATINEGARA KAUM PULOGADUNG
95,DKI JAKARTA,KOTA ADM. JAKARTA TIMUR,KRAMATJATI,BALEKAMBANG,SPPG KRAMATJATI
96,DKI JAKARTA,KOTA ADM. JAKARTA UTARA,KOJA,RAWA BADAK UTARA,SPPG Khusus Koja Jakarta Utara
97,DKI JAKARTA,KOTA ADM. JAKARTA UTARA,CILINCING,KALIBARU,SPPG Kota Jakarta Utara - Cilincing
98,DKI JAKARTA,KOTA ADM. JAKARTA UTARA,KELAPA GADING,KELAPA GADING BARAT,SPPG Kota Jakarta Utara - Kelapa Gading
99,DKI JAKARTA,KOTA ADM. JAKARTA UTARA,KOJA,TUGU UTARA,SPPG TUGU UTARA KOJA
100,DKI JAKARTA,KOTA ADM. JAKARTA UTARA,KOJA,KOJA,SPPG Kota Administrasi Jakarta Utara - Koja 01
101,DKI JAKARTA,KOTA ADM. JAKARTA UTARA,TANJUNG PRIOK,SUNGAI BAMBU,SPPG SUNGAI BAMBU TANJUNG PRIOK
102,GORONTALO,GORONTALO,LIMBOTO BARAT,PONE,SPPG LIMBOTO BARAT
103,GORONTALO,GORONTALO UTARA,KWANDANG,KATIALADA,SPPG KWANDANG KATIALADA
104,GORONTALO,KOTA GORONTALO,KOTA TENGAH,LILUWO,SPPG Khusus Kota Gorontalo - Kota Tengah
105,JAMBI,KOTA JAMBI,TELANAIPURA,PEMATANG SULUR,SPPG Kota Jambi - Kecamatan Telanaipura
106,JAMBI,MUARO JAMBI,JAMBI LUAR KOTA,SENAUNG,SPPG JAMBI LUAR KOTA
107,JAWA BARAT,BANDUNG,RANCAEKEK,RANCAEKEK WETAN,SPPG Kab. Bandung - Rancaekek
108,JAWA BARAT,BANDUNG,MARGAHAYU,SULAIMAN,SPPG Sulaiman Margahayu Bandung
109,JAWA BARAT,BANDUNG,CILEUNYI,CIMEKAR,SPPG KECAMATAN CILEUNYI
110,JAWA BARAT,BANDUNG,MAJALAYA,PADAULUN,SPPG Kab. Bandung - Majalaya
111,JAWA BARAT,BANDUNG,NAGREG,NAGREG,SPPG Kab. Bandung - Nagreg
112,JAWA BARAT,BANDUNG,CIWIDEY,PANYOCOKAN,SPPG Kasih Bela Negara&amp;nbsp;Ciwidey
113,JAWA BARAT,BANDUNG,CILEUNYI,CINUNUK,SPPG Cinunuk Cileunyi Bandung
114,JAWA BARAT,BANDUNG,BANJARAN,KIANGROKE,SPPG KIANGROKE KEC. BANJARAN
115,JAWA BARAT,BANDUNG,CIPARAY,SERANGMEKAR,SPPG Kab. Bandung - Ciparay
116,JAWA BARAT,BANDUNG,BOJONGSOANG,CIPAGALO,SPPG CIPAGALO BOJONGSOANG
117,JAWA BARAT,BANDUNG,CICALENGKA,MARGAASIH,SPPG YAYASAN PENDIDIKAN NURUL HIKMAH CIJALUPANG
118,JAWA BARAT,BANDUNG,PANGALENGAN,PANGALENGAN,SPPG PANGALENGAN BANDUNG
119,JAWA BARAT,BANDUNG,BOJONGSOANG,BOJONGSOANG,SPPG Kab. Bandung - Bojongsoang
120,JAWA BARAT,BANDUNG BARAT,LEMBANG,LANGENSARI,SPPG Kab. Bandung Barat - Lembang
121,JAWA BARAT,BANDUNG BARAT,RONGGA,CIBEDUG,SPPG KECAMATAN RONGGA BANDUNG BARAT
122,JAWA BARAT,BANDUNG BARAT,LEMBANG,KAYUAMBON,SPPG Kayuambon Lembang Bandung Barat
123,JAWA BARAT,BANDUNG BARAT,PADALARANG,CIBURUY,SPPG Yayasan Bumi Al Hasanah Cipulus
124,JAWA BARAT,BANDUNG BARAT,CISARUA,JAMBUDIPA,SPPG Jambudipa Cisarua Bandung Barat
125,JAWA BARAT,BANDUNG BARAT,BATUJAJAR,BATUJAJAR BARAT,SPPG Pesantren At-Tafsir
126,JAWA BARAT,BANDUNG BARAT,PARONGPONG,CIGUGURGIRANG,SPPG Kab. Bandung Barat Parongpong Cigugurgirang
127,JAWA BARAT,BANDUNG BARAT,CISARUA,PASIRLANGU,SPPG Kab. Bandung Barat - Cisarua
128,JAWA BARAT,BANDUNG BARAT,PARONGPONG,CIGUGURGIRANG,SPPG Kab. Bandung Barat - Parongpong
129,JAWA BARAT,BEKASI,PEBAYURAN,KERTASARI,SPPG Kab. Bekasi - Pebayuran
130,JAWA BARAT,BEKASI,CIKARANG SELATAN,SUKADAMI,SPPG SUKADAMI CIKARANG SELATAN
131,JAWA BARAT,BEKASI,CIKARANG UTARA,SIMPANGAN,SPPG Cikarang Utara
132,JAWA BARAT,BEKASI,CIKARANG BARAT,TELAJUNG,SPPG TELAJUNG CIKARANG BARAT
133,JAWA BARAT,BEKASI,CIBITUNG,CIBUNTU,SPPG Bekasi Cibitung Cibuntu
134,JAWA BARAT,BEKASI,TAMBUN SELATAN,SETIAMEKAR,SPPG SETIAMEKAR TAMBUN SELATAN
135,JAWA BARAT,BEKASI,TAMBUN UTARA,JEJALENJAYA,SPPG JEJAJENJAYA TAMBUN UTARA
136,JAWA BARAT,BOGOR,CIBINONG,SUKAHATI,SPPG Khusus Kabupaten Bogor 1 - Cibinong
137,JAWA BARAT,BOGOR,SUKARAJA,PASIR JAMBU,SPPG Bogor Sukaraja Pasir Jambu
138,JAWA BARAT,BOGOR,BABAKAN MADANG,CIJAYANTI,SPPG Kab. Bogor  - Babakan Madang 02
139,JAWA BARAT,BOGOR,CARINGIN,PANCAWATI,SPPG Kab. Bogor - Caringin
140,JAWA BARAT,BOGOR,BOJONG GEDE,RAWAPANJANG,SPPG Rawapanjang Bojong Gede Bogor
141,JAWA BARAT,BOGOR,PARUNG,WARUJAYA,SPPG Warujaya - Parung Bogor
142,JAWA BARAT,BOGOR,MEGAMENDUNG,PASIR ANGIN,SPPG Megamendung Bogor
143,JAWA BARAT,BOGOR,CIGOMBONG,PASIRJAYA,SPPG Kebon Ashri Cigombong Bogor
144,JAWA BARAT,BOGOR,CIBINONG,KARADENAN,SPPG KARADENAN CIBINONG
145,JAWA BARAT,BOGOR,PARUNG,IWUL,SPPG Iwul Parung Bogor
146,JAWA BARAT,BOGOR,PAMIJAHAN,CIBENING,SPPG Cibening Pamijahan Bogor
147,JAWA BARAT,BOGOR,CIAWI,PANDAN SARI,SPPG Pandan Sari Ciawi Bogor
148,JAWA BARAT,BOGOR,JONGGOL,SINGAJAYA,SPPG Kab. Bogor - Jonggol 01
149,JAWA BARAT,BOGOR,MEGAMENDUNG,PASIR ANGIN,SPPG Pasir Angin Megamendung Bogor
150,JAWA BARAT,BOGOR,JONGGOL,JONGGOL,SPPG Kab. Bogor - Jonggol 02
151,JAWA BARAT,BOGOR,TAMANSARI,SUKAMANTRI,SPPG Kab. Bogor - Tamansari
152,JAWA BARAT,BOGOR,BABAKAN MADANG,BABAKAN MADANG,SPPG Kab. Bogor - Babakan Madang 01
153,JAWA BARAT,CIAMIS,CIAMIS,CIAMIS,SPPG Ciamis Ciamis Ciamis
154,JAWA BARAT,CIAMIS,BANJARSARI,SINDANGSARI,SPPG Kab. Ciamis - Banjarsari
155,JAWA BARAT,CIAMIS,CIAMIS,PAWINDAN,SPPG Bunirasa
156,JAWA BARAT,CIAMIS,KAWALI,WINDURAJA,SPPG KAWALI CIAMIS
157,JAWA BARAT,CIAMIS,PANUMBANGAN,PANUMBANGAN,SPPG Yayasan Zainul Hidayah Jayagiri
158,JAWA BARAT,CIAMIS,CIKONENG,CIMARI,SPPG Cimari Cikoneng Ciamis
159,JAWA BARAT,CIANJUR,KARANGTENGAH,SINDANGLAKA,SPPG Karang Tengah - Kab Cianjur
160,JAWA BARAT,CIANJUR,CILAKU,SUKASARI,SPPG Kab. Cianjur - Cilaku
161,JAWA BARAT,CIANJUR,CUGENANG,CIRUMPUT,SPPG Kab. Cianjur - Cugenang
162,JAWA BARAT,CIANJUR,WARUNGKONDANG,CISARANDI,SPPG Cisarandi Warungkondang Cianjur
163,JAWA BARAT,CIANJUR,CIPANAS,CIPANAS,SPPG Kab. Cianjur - Cipanas
164,JAWA BARAT,CIANJUR,CIRANJANG,CIRANJANG,SPPG Ciranjang Cianjur
165,JAWA BARAT,CIANJUR,CIANJUR,LIMBANGANSARI,SPPG Kab. Cianjur - Cianjur
166,JAWA BARAT,CIANJUR,SUKALUYU,SUKALUYU,SPPG Kab. Cianjur - Sukaluyu
167,JAWA BARAT,CIANJUR,CIBEBER,MAYAK,SPPG Kab. Cianjur - Cibeber
168,JAWA BARAT,CIANJUR,SUKALUYU,TANJUNGSARI,SPPG Tanjungsari Sukaluyu Cianjur
169,JAWA BARAT,CIANJUR,CIKALONGKULON,CINANGSI,SPPG Kab. Cianjur - Cikalong Kulon
170,JAWA BARAT,CIREBON,PASALEMAN,TANJUNGANOM,SPPG Tanjunganom Pasaleman Cirebon
171,JAWA BARAT,CIREBON,DEPOK,CIKEDUK,SPPG Cikeduk Depok Cirebon
172,JAWA BARAT,CIREBON,GEGESIK,GEGESIK LOR,SPPG Kab. Cirebon - Gegesik
173,JAWA BARAT,CIREBON,CIWARINGIN,BABAKAN,SPPG Babakan Ciwaringin Cirebon
174,JAWA BARAT,CIREBON,KEDAWUNG,SUTAWINANGUN,SPPG Kecamatan Kedawung Kabupaten Cirebon
175,JAWA BARAT,CIREBON,BABAKAN,BABAKAN,SPPG Babakan Babakan Cirebon
176,JAWA BARAT,GARUT,GARUT KOTA,KOTA KULON,SPPG Kab. Garut - Garut Kota
177,JAWA BARAT,GARUT,TAROGONG KIDUL,PATARUMAN,"SPPG Yayasan Pondok Pesantren Persis Tarogong Kecamatan Tarogong Kidul, Kab. Garut"
178,JAWA BARAT,GARUT,PASIRWANGI,PADAMUKTI,SPPG Yayasan Darul Muta`allimin Pasirwangi Garut
179,JAWA BARAT,GARUT,SELAAWI,PUTRAJAWA,SPPG Putrajawa Selaawi Garut
180,JAWA BARAT,GARUT,KADUNGORA,TALAGASARI,SPPG Talagasari Kadungora Garut
181,JAWA BARAT,GARUT,GARUT KOTA,MUARA SANDING,SPPG Yayasan Pendidikan dan Sosial Al-Bayyinah Garut Kota Garut
182,JAWA BARAT,GARUT,TAROGONG KIDUL,HAURPANGGUNG,SPPG Kab. Garut - Tarogong Kidul
183,JAWA BARAT,GARUT,CIBIUK,CIPAREUAN,"Kecamatan Cibiuk, Kabupaten Garut"
184,JAWA BARAT,GARUT,SUKAWENING,SUKALUYU,SPPG Sukaluyu Sukawening Garut
185,JAWA BARAT,GARUT,SAMARANG,SAMARANG,SPPG Samarang Samarang Garut
186,JAWA BARAT,GARUT,CIKELET,CIKELET,SPPG Kab. Garut - Cikelet
187,JAWA BARAT,GARUT,GARUT KOTA,CIMUNCANG,SPPG Karya Utama Insani Garut Kota
188,JAWA BARAT,INDRAMAYU,INDRAMAYU,MARGADADI,SPPG Kab. Indramayu - Indramayu
189,JAWA BARAT,INDRAMAYU,SINDANG,KENANGA,SPPG Kab. Indramayu - Sindang
190,JAWA BARAT,INDRAMAYU,KERTASEMAYA,TENAJAR KIDUL,SPPG Tenajar Kidul Kertasemaya Indramayu
191,JAWA BARAT,INDRAMAYU,SUKRA,SUMURADEM TIMUR,SPPG Sumuradem Timur Sukra Indramayu
192,JAWA BARAT,INDRAMAYU,HAURGEULIS,KERTANEGARA,SPPG Indramayu Haurgeulis Kertanegara
193,JAWA BARAT,INDRAMAYU,ANJATAN,ANJATAN UTARA,SPPG Yayasan Daar Assalam Kenanga Kec. Anjatan Indramayu
194,JAWA BARAT,KARAWANG,KARAWANG BARAT,KARAWANG KULON,SPPG Khusus Kab. Karawang - Karawang Barat
195,JAWA BARAT,KARAWANG,CIBUAYA,CIBUAYA,SPPG Kab. Karawang - Cibuaya
196,JAWA BARAT,KARAWANG,TELUKJAMBE TIMUR,SUKALUYU,SPPG Yayasan Naufal Pratama Mandiri Kec. Telukjambe Timur - Kab. Karawang
197,JAWA BARAT,KARAWANG,KOTA BARU,SARIMULYA,SPPG CV Berkah Jaya Saptari Kab. Karawang - Kota Baru
198,JAWA BARAT,KOTA BANDUNG,LENGKONG,LINGKAR SELATAN,SPPG Khusus Kota Bandung - Lengkong
199,JAWA BARAT,KOTA BANDUNG,CICENDO,HUSEIN SASTRANEGARA,SPPG Kota Bandung - Cicendo 01 (TNI AU)
200,JAWA BARAT,KOTA BANDUNG,REGOL,CISEUREUH,SPPG Kota Bandung Regol Ciseureuh
201,JAWA BARAT,KOTA BANDUNG,ANDIR,GARUDA,SPPG Kota Bandung - Andir 01
202,JAWA BARAT,KOTA BANDUNG,COBLONG,LEBAK GEDE,SPPG Lebakgede Coblong Kota Bandung
203,JAWA BARAT,KOTA BANDUNG,ANDIR,DUNGUS CARIANG,SPPG Dunguscariang Andir Kota Bandung
204,JAWA BARAT,KOTA BANDUNG,BUAHBATU,MARGASARI,SPPG Kota Bandung Buahbatu Margasari
205,JAWA BARAT,KOTA BANDUNG,ASTANA ANYAR,KARASAK,SPPG KARASAK ASTANA ANYAR
206,JAWA BARAT,KOTA BANDUNG,COBLONG,SEKELOA,SPPG Kota Bandung - Coblong
207,JAWA BARAT,KOTA BANDUNG,CICENDO,HUSEIN SASTRANEGARA,SPPG Kota Bandung - Cicendo 02
208,JAWA BARAT,KOTA BANDUNG,SUKASARI,GEGERKALONG,SPPG Kota Bandung - Sukasari
209,JAWA BARAT,KOTA BANDUNG,SUKAJADI,SUKAGALIH,SPPG Kota Bandung - Sukajadi 01
210,JAWA BARAT,KOTA BANDUNG,SUKASARI,GEGERKALONG,Yayasan Daarut Tauhiid
211,JAWA BARAT,KOTA BANDUNG,ARCAMANIK,CISARANTEN BINA HARAPAN,SPPG CISBINHAR ARCAMANIK
212,JAWA BARAT,KOTA BANDUNG,CIBEUNYING KALER,CIGADUNG,SPPG CIGADUNG CIBEUNYING KALER
213,JAWA BARAT,KOTA BANDUNG,ANTAPANI,ANTAPANI KIDUL,SPPG Kota Bandung - Antapani
214,JAWA BARAT,KOTA BANDUNG,RANCASARI,MANJAHLEGA,SPPG MANJAHLEGA RANCASARi
215,JAWA BARAT,KOTA BANDUNG,BANDUNG KIDUL,BATUNUNGGAL,SPPG Kota Bandung - Bandung kidul
216,JAWA BARAT,KOTA BANDUNG,LENGKONG,TURANGGA,SPPG TURANGGA LENGKONG
217,JAWA BARAT,KOTA BANDUNG,ARCAMANIK,SUKAMISKIN,SPPG Kota Bandung - Arcamanik
218,JAWA BARAT,KOTA BANJAR,BANJAR,SITUBATU,SPPG Situbatu Banjar Kota Banjar
219,JAWA BARAT,KOTA BANJAR,PURWAHARJA,KARANGPANIMBAL,SPPG Karangpanimbal Purwaharja Kota Banjar
220,JAWA BARAT,KOTA BEKASI,BEKASI SELATAN,JAKASETIA,SPPG Kota Bekasi Bekasi Selatan Jakasetia
221,JAWA BARAT,KOTA BEKASI,JATIASIH,JATIRASA,SPPG Kota Bekasi - Jati Asih
222,JAWA BARAT,KOTA BEKASI,BEKASI TIMUR,MARGAHAYU,SPPG Kelurahan Margahayu
223,JAWA BARAT,KOTA BEKASI,BEKASI SELATAN,KAYURINGINJAYA,SPPG Kota Bekasi Bekasi Selatan Kayuringinjaya
224,JAWA BARAT,KOTA BEKASI,BEKASI BARAT,BINTARA,SPPG Bekasi Barat Kota Bekasi
225,JAWA BARAT,KOTA BOGOR,TANAH SAREAL,KEDUNG BADAK,SPPG Kota Bogor - Tanah Sareal 01
226,JAWA BARAT,KOTA BOGOR,BOGOR UTARA,CIMAHPAR,SPPG Cimahpar Bogor Utara Kota Bogor
227,JAWA BARAT,KOTA BOGOR,TANAH SAREAL,SUKADAMAI,SPPG Kota Bogor - Tanah Sareal 02
228,JAWA BARAT,KOTA BOGOR,BOGOR TIMUR,SINDANGRASA,SPPG Yayasan Melati Sindangrasa Bogor Timur
229,JAWA BARAT,KOTA CIMAHI,CIMAHI UTARA,PASIRKALIKI,SPPG Kota Cimahi - Cimahi Utara
230,JAWA BARAT,KOTA CIREBON,KESAMBI,KARYAMULYA,SPPG Kota Cirebon - Kesambi 02
231,JAWA BARAT,KOTA CIREBON,KESAMBI,SUNYARAGI,SPPG Kota Cirebon - Kesambi 01
232,JAWA BARAT,KOTA DEPOK,TAPOS,CILANGKAP,SPPG Kota Depok - Tapos 01
233,JAWA BARAT,KOTA DEPOK,TAPOS,TAPOS,SPPG Depok Tapos Kebayunan 4
234,JAWA BARAT,KOTA DEPOK,SAWANGAN,BEDAHAN,SPPG Kota Depok - Sawangan
235,JAWA BARAT,KOTA DEPOK,TAPOS,TAPOS,SPPG Depok Tapos Kebayunan 5
236,JAWA BARAT,KOTA DEPOK,CILODONG,SUKAMAJU,SPPG Sukamaju Cilodong Depok
237,JAWA BARAT,KOTA DEPOK,TAPOS,TAPOS,SPPG Depok Tapos Kebayunan 3
238,JAWA BARAT,KOTA DEPOK,CINERE,CINERE,SPPG Cinere Cinere Depok
239,JAWA BARAT,KOTA DEPOK,CIMANGGIS,TUGU,SPPG Tugu Cimanggis Depok
240,JAWA BARAT,KOTA DEPOK,TAPOS,TAPOS,SPPG Depok Tapos Kebayunan 1
241,JAWA BARAT,KOTA DEPOK,TAPOS,TAPOS,SPPG Depok Tapos Kebayunan 2
242,JAWA BARAT,KOTA SUKABUMI,CIBEUREUM,BABAKAN,SPPG Kota Sukabumi - Cibeureum
243,JAWA BARAT,KOTA SUKABUMI,GUNUNG PUYUH,KARAMAT,SPPG Yayasan Project Local Sukabumi
244,JAWA BARAT,KOTA SUKABUMI,CIKOLE,CIKOLE,SPPG Kecamatan Cikole Kota Sukabumi
245,JAWA BARAT,KOTA TASIKMALAYA,TAWANG,CIKALANG,SPPG Khusus Kota Tasikmalaya - Tawang 01
246,JAWA BARAT,KOTA TASIKMALAYA,MANGKUBUMI,MANGKUBUMI,SPPG Kota Tasikmalaya - Mangkubumi 01
247,JAWA BARAT,KOTA TASIKMALAYA,MANGKUBUMI,CIPAWITRA,SPPG Kota Tasikmalaya - Mangkubumi
248,JAWA BARAT,KOTA TASIKMALAYA,TAMANSARI,TAMANJAYA,SPPG Tamanjaya Tamansari Kota Tasikmalaya
249,JAWA BARAT,KOTA TASIKMALAYA,INDIHIANG,INDIHIANG,SPPG kec. Indihiang Kota Tasikmalaya
250,JAWA BARAT,KUNINGAN,SINDANGAGUNG,SINDANGSARI,SPPG SINDANGSARI SINDANGAGUNG KUNINGAN
251,JAWA BARAT,KUNINGAN,JALAKSANA,MANISKIDUL,SPPG Yayasan Rumah Kolaborasi Kuningan
252,JAWA BARAT,KUNINGAN,KADUGEDE,CIHERANG,SPPG CIHERANG KADUGEDE KUNINGAN
253,JAWA BARAT,KUNINGAN,CIAWIGEBANG,KAPANDAYAN,SPPG Kapandayan Ciawigebang Kuningan
254,JAWA BARAT,KUNINGAN,KUNINGAN,CIJOHO,SPPG Kab. Kuningan - Cijoho
255,JAWA BARAT,MAJALENGKA,MAJALENGKA,MAJALENGKA WETAN,SPPG Yayasan Kusuma Raga Utama II
256,JAWA BARAT,MAJALENGKA,MAJALENGKA,MAJALENGKA WETAN,SPPG Yayasan Kusuma Raga Utama I
257,JAWA BARAT,PANGANDARAN,CIJULANG,MARGACINTA,SPPG Kab. Pangandaran - Cijulang
258,JAWA BARAT,PANGANDARAN,PANGANDARAN,BABAKAN,SPPG Kab. Pangandaran - Pangandaran
259,JAWA BARAT,PURWAKARTA,PURWAKARTA,NAGRI KALER,SPPG Kab. Purwakarta - Purwakarta 01
260,JAWA BARAT,PURWAKARTA,PURWAKARTA,NAGRI KALER,SPPG Kab. Purwakarta - Purwakarta 02
261,JAWA BARAT,PURWAKARTA,PURWAKARTA,CISEUREUH,SPPG Purwakarta Purwakarta Ciseureuh
262,JAWA BARAT,PURWAKARTA,BABAKANCIKAO,CIGELAM,SPPG Purwakarta Babakancikao Cigelam
263,JAWA BARAT,SUBANG,SUBANG,KARANGANYAR,SPPG Kab. Subang - Subang
264,JAWA BARAT,SUBANG,KALIJATI,KALIJATI BARAT,SPPG Kab. Subang - Kalijati 02 (TNI AU)
265,JAWA BARAT,SUBANG,KALIJATI,KALIJATI TIMUR,SPPG Kab. Subang - Kalijati 01
266,JAWA BARAT,SUBANG,PUSAKANAGARA,PUSAKARATU,SPPG Subang Pusakanagara Pusakaratu
267,JAWA BARAT,SUBANG,PAGADEN,GAMBARSARI,SPPG Kab. Subang - Pegaden
268,JAWA BARAT,SUBANG,CIPUNAGARA,TANJUNG,SPPG Yayasan Graha Prima Kencana
269,JAWA BARAT,SUBANG,PAGADEN BARAT,SUMURGINTUNG,SPPG Sumurgintung Pagaden Barat Subang
270,JAWA BARAT,SUBANG,PURWADADI,PURWADADI BARAT,SPPG Kab. Subang - Purwadadi
271,JAWA BARAT,SUBANG,CIPUNAGARA,TANJUNG,SPPG Kab. Subang - Cipunagara
272,JAWA BARAT,SUBANG,CIASEM,SUKAMANDIJAYA,SPPG Yayasan Cakrawala Mandala Wasri
273,JAWA BARAT,SUBANG,SAGALAHERANG,SAGALAHERANG KALER,SPPG Yayasan Karya Bakti Sagalaherang
274,JAWA BARAT,SUBANG,PAGADEN BARAT,MARGAHAYU,SPPG Yayasan Al Khawarizmi Eco Pedagogik Pagaden Barat
275,JAWA BARAT,SUKABUMI,PARUNGKUDA,BOJONGKOKOSAN,SPPG Bojongkosan Parungkuda Sukabumi
276,JAWA BARAT,SUKABUMI,JAMPANGKULON,PADAJAYA,SPPG Jampang Kulon Sukabumi
277,JAWA BARAT,SUKABUMI,CIKEMBAR,BOJONGRAHARJA,SPPG CIKEMBAR KAB.SUKABUMI
278,JAWA BARAT,SUKABUMI,WARUNGKIARA,WARUNGKIARA,SPPG Kab. Sukabumi - Warungkiara
279,JAWA BARAT,SUKABUMI,CICANTAYAN,CIMAHI,SPPG Sukabumi Cicantayan Cimahi
280,JAWA BARAT,SUKABUMI,WALURAN,WALURAN,SPPG Kab. Sukabumi - Waluran
281,JAWA BARAT,SUKABUMI,CIRACAP,UJUNGGENTENG,SPPG Kab. Sukabumi - Ciracap
282,JAWA BARAT,SUKABUMI,SUKARAJA,PASIRHALANG,SPPG Kab. Sukabumi - Sukaraja
283,JAWA BARAT,SUKABUMI,SURADE,SURADE,SPPG Surade Surade Sukabumi
284,JAWA BARAT,SUKABUMI,PALABUHANRATU,CITEPUS,SPPG Palabuhanratu Sukabumi
285,JAWA BARAT,SUKABUMI,CIKIDANG,CICAREUH,SPPG Cicareuh Cikidang Sukabumi
286,JAWA BARAT,SUKABUMI,CICURUG,CICURUG,SPPG Cicurug Yayasan Relawan Ruang Peduli Kabupaten Sukabumi
287,JAWA BARAT,SUKABUMI,CISOLOK,CISOLOK,SPPG Cisolok Cisolok Sukabumi
288,JAWA BARAT,SUKABUMI,CIEMAS,TAMANJAYA,SPPG Kecamatan Ciemas Sukabumi
289,JAWA BARAT,SUKABUMI,SAGARANTEN,MARGALUYU,SPPG Margaluyu Sagaranten Sukabumi
290,JAWA BARAT,SUKABUMI,CIKAKAK,CIKAKAK,SPPG Cikakak Cikakak Sukabumi
291,JAWA BARAT,SUMEDANG,SUMEDANG UTARA,SITU,SPPG Situ Sumedang Utara Sumedang
292,JAWA BARAT,SUMEDANG,SUMEDANG SELATAN,REGOL WETAN,SPPG Dapur Bachman Binokasih
293,JAWA BARAT,SUMEDANG,JATINANGOR,HEGARMANAH,SPPG Hegarmanah Jatinangor Sumedang
294,JAWA BARAT,SUMEDANG,CIMALAKA,CIMUJA,SPPG Cimalaka Sumedang
295,JAWA BARAT,SUMEDANG,JATINANGOR,CIKERUH,SPPG Kab. Sumedang - Jatinangor
296,JAWA BARAT,SUMEDANG,TANJUNGSARI,GUDANG,SPPG Yayasan Nur Amina Kasih Kecamatan Tanjungsari Kabupaten Sumedang
297,JAWA BARAT,SUMEDANG,SUMEDANG SELATAN,REGOL WETAN,SPPG Dapur Mafanda
298,JAWA BARAT,TASIKMALAYA,SINGAPARNA,SINGAPARNA,SPPG Kebonsalak Singaparna Tasikmalaya
299,JAWA BARAT,TASIKMALAYA,RAJAPOLAH,MANGGUNGJAYA,SPPG Yayasan Abu Bakar Ash-Shiddiq Al-Khairiyyah Kec. Rajapolah Kab.Â Tasikmalaya
300,JAWA BARAT,TASIKMALAYA,JAMANIS,TANJUNGMEKAR,SPPG PNJ Putra
301,JAWA TENGAH,BANJARNEGARA,SIGALUH,KALIBENDA,SPPG Khusus Kab. Banjarnegara - Sigaluh
302,JAWA TENGAH,BANYUMAS,PURWOKERTO TIMUR,KRANJI,SPPG Kab. Banyumas - Purwokerto Timur
303,JAWA TENGAH,BANYUMAS,PURWOKERTO BARAT,BANTARSOKA,SPPG Bantarsoka Purwokertobarat Banyumas
304,JAWA TENGAH,BANYUMAS,SUMPIUH,KUNTILI,SPPG Kab.Banyumas - Sumpiuh
305,JAWA TENGAH,BANYUMAS,BATURRADEN,PANDAK,SPPG Pandak Baturaden Banyumas
306,JAWA TENGAH,BANYUMAS,PURWOKERTO BARAT,REJASARI,SPPG Rejasari Purwokerto Barat Banyumas
307,JAWA TENGAH,BANYUMAS,PURWOKERTO SELATAN,TELUK,SPPG Teluk Purwokerto Selatan Banyumas
308,JAWA TENGAH,BANYUMAS,KEMRANJEN,KECILA,SPPG Kecila Kemranjen Banyumas
309,JAWA TENGAH,BANYUMAS,GUMELAR,GUMELAR,SPPG Gumelar Gumelar Banyumas
310,JAWA TENGAH,BANYUMAS,KEMBARAN,DUKUHWALUH,SPPG Dukuhwaluh Kembaran Banyumas
311,JAWA TENGAH,BANYUMAS,KEDUNGBANTENG,BEJI,SPPG Beji Kedungbanteng Banyumas
312,JAWA TENGAH,BANYUMAS,PURWOKERTO TIMUR,PURWOKERTO LOR,SPPG Gor Satria Purwokerto Timur
313,JAWA TENGAH,BATANG,KANDEMAN,TRAGUNG,SPPG Khusus Kab. Batang - Kandeman
314,JAWA TENGAH,BATANG,BATANG,KAUMAN,SPPG KAUMAN BATANG
315,JAWA TENGAH,BLORA,BLORA,TEMPELAN,SPPG Khusus Kab. Blora - Blora
316,JAWA TENGAH,BLORA,CEPU,CEPU,SPPG Kab. Blora - Cepu 01
317,JAWA TENGAH,BLORA,BLORA,KARANGJATI,SPPG Karangjati Blora
318,JAWA TENGAH,BLORA,CEPU,KARANGBOYO,SPPG Kab. Blora - Cepu 2
319,JAWA TENGAH,BLORA,BLORA,KEDUNGJENAR,SPPG Jenar Kedung Jenar Blora
320,JAWA TENGAH,BOYOLALI,NGEMPLAK,GAGAKSIPAT,SPPG Kab. Boyolali - Ngemplak 04
321,JAWA TENGAH,BOYOLALI,NGEMPLAK,GAGAKSIPAT,SPPG Kab. Boyolali - Ngemplak 03
322,JAWA TENGAH,BOYOLALI,NGEMPLAK,GAGAKSIPAT,SPPG Kab. Boyolali - Ngemplak 02
323,JAWA TENGAH,BOYOLALI,NGEMPLAK,GAGAKSIPAT,SPPG Kab. Boyolali - Ngemplak 01
324,JAWA TENGAH,BREBES,SONGGOM,SONGGOM,SPPG Khusus Kab. Brebes - Songgom
325,JAWA TENGAH,BREBES,BULAKAMBA,TEGALGLAGAH,SPPG Yayasan Al Fadllu Wal Fadlillah Kab. Brebes - Kecamatan Bulakamba
326,JAWA TENGAH,CILACAP,CILACAP TENGAH,SIDANEGARA,SPPG Khusus Kab. Cilacap - Cilacap Tengah
327,JAWA TENGAH,DEMAK,GAJAH,MLEKANG,SPPG Kab.Demak -RIZKY BAROKAH MLEKANG GAJAH DEMAK
328,JAWA TENGAH,GROBOGAN,GROBOGAN,GROBOGAN,SPPG KAB. GROBOGAN
329,JAWA TENGAH,JEPARA,JEPARA,PENGKOL,SPPG Kab. Jepara - Jepara
330,JAWA TENGAH,JEPARA,TAHUNAN,NGABUL,SPPG NGABUL TAHUNAN JEPARA
331,JAWA TENGAH,JEPARA,KALINYAMATAN,KRIYAN,SPPG Kriyan Kalinyamatan Jepara
332,JAWA TENGAH,KARANGANYAR,GONDANGREJO,PLESUNGAN,SPPG KHUSUS Kab. Karanganyar - Gondangrejo
333,JAWA TENGAH,KARANGANYAR,KARANGANYAR,POPONGAN,SPPG POPONGAN KARANGANYAR JATENG
334,JAWA TENGAH,KARANGANYAR,COLOMADU,MALANGJIWAN,"SPPG Yayasan Adi Upaya Lanud Adi Soemarmo, Kab. Karanganyar - Colomadu"
335,JAWA TENGAH,KEBUMEN,GOMBONG,KEMUKUS,SPPG Yayasan Saka Tunggal Bersinar 3
336,JAWA TENGAH,KEBUMEN,KLIRONG,DOROWATI,SPPG Yayasan Saka Tunggal Bersinar 2
337,JAWA TENGAH,KEBUMEN,KEBUMEN,KEBUMEN,SPPG Saka Tunggal Bersinar 1
338,JAWA TENGAH,KENDAL,KENDAL,LANGENHARJO,SPPG Kab. Kendal - Kendal
339,JAWA TENGAH,KENDAL,KALIWUNGU,KUTOHARJO,SPPG Kutoharjo Kaliwungu Kendal
340,JAWA TENGAH,KENDAL,BRANGSONG,SIDOREJO,SPPG YAYASAN PONDOK PESANTREN AL FADLLU WAL FADLILLAH 2
341,JAWA TENGAH,KENDAL,PEGANDON,WONOSARI,SPPG Yayasan Azzahro Penanggulan
342,JAWA TENGAH,KENDAL,GEMUH,PAMRIYAN,SPPG Pamriyan Gemuh Kendal
343,JAWA TENGAH,KOTA MAGELANG,MAGELANG SELATAN,JURANGOMBO UTARA,SPPG Khusus Kota Magelang - Magelang Selatan
344,JAWA TENGAH,KOTA PEKALONGAN,PEKALONGAN UTARA,KRAPYAK,SPPG Yayasan Al Munawir Krapyak Pekalongan Utara Kota Pekalongan
345,JAWA TENGAH,KOTA PEKALONGAN,PEKALONGAN BARAT,PRINGREJO,SPPG Pringrejo Pekalongan Barat Kota Pekalongan
346,JAWA TENGAH,KOTA SEMARANG,TEMBALANG,BULUSAN,SPPG Khusus Kota Semarang
347,JAWA TENGAH,KOTA SEMARANG,TEMBALANG,JANGLI,SPPG Jangli Tembalang Kota Semarang
348,JAWA TENGAH,KOTA SEMARANG,SEMARANG BARAT,TAWANGSARI,SPPG Tawangsari Semarang Barat Kota Semarang
349,JAWA TENGAH,KOTA SEMARANG,BANYUMANIK,PUDAKPAYUNG,SPPG PUDAKPAYUNG BANYUMANIK SEMARANG
350,JAWA TENGAH,KOTA SEMARANG,BANYUMANIK,SRONDOL WETAN,SPPG Kota Semarang - Banyumanik
351,JAWA TENGAH,KOTA SEMARANG,MIJEN,JATIBARANG,SPPG Kota Semarang - Mijen
352,JAWA TENGAH,KOTA SEMARANG,NGALIYAN,PODOREJO,SPPG Kota Semarang - Ngaliyan
353,JAWA TENGAH,KOTA SURAKARTA,JEBRES,PURWODININGRATAN,SPPG Kota Surakarta - Jebres
354,JAWA TENGAH,KOTA SURAKARTA,BANJARSARI,BANYUANYAR,SPPG Kota Surakarta-Banjarsari
355,JAWA TENGAH,KOTA SURAKARTA,LAWEYAN,PURWOSARI,SPPG PURWOSARI LAWEYAN SURAKARTA
356,JAWA TENGAH,KUDUS,MEJOBO,MEJOBO,SPPG Kab. Kudus - Mejobo
357,JAWA TENGAH,MAGELANG,MERTOYUDAN,SUKOREJO,SPPG Kabupaten Magelang - Mertoyudan
358,JAWA TENGAH,PATI,MARGOREJO,MUKTIHARJO,SPPG Khusus Kab. Pati - Margorejo
359,JAWA TENGAH,PATI,WEDARIJAKSA,PAGERHARJO,SPPG Pagerharjo Wedarijaksa Pati
360,JAWA TENGAH,PATI,TAYU,KALIKALONG,SPPG Kalikalong Tayu Pati
361,JAWA TENGAH,PATI,CLUWAK,NGABLAK,SPPG Kab Pati - Cluwak -Ngablak
362,JAWA TENGAH,PEKALONGAN,WONOPRINGGO,ROWOKEMBU,SPPG Khusus Kab. Pekalongan - Wonopringgo
363,JAWA TENGAH,PEMALANG,PEMALANG,SUGIHWARAS,SPPG Khusus Kabupaten Pemalang - Pemalang
364,JAWA TENGAH,PEMALANG,ULUJAMI,LIMBANGAN,SPPG Kab. Pemalang - Ulujami
365,JAWA TENGAH,PURBALINGGA,KEMANGKON,TOYAREKA,SPPG Khusus Kab. Purbalingga - Kec. Kemangkon
366,JAWA TENGAH,PURBALINGGA,BOBOTSARI,LIMBASARI,SPPG Mitra Mandiri - Kec. Bobotsari
367,JAWA TENGAH,PURBALINGGA,PURBALINGGA,PURBALINGGA WETAN,SPPG Kab.Purbalingga - Kec. Purbalingga
368,JAWA TENGAH,PURWOREJO,GRABAG,SANGUBANYU,SPPG Kab. Purworejo-Grabag
369,JAWA TENGAH,PURWOREJO,KEMIRI,KROYOKULON,SPPG KROYOKULON KEMIRI PURWOREJO
370,JAWA TENGAH,PURWOREJO,PITURUH,PITURUH,SPPG PITURUH PURWOREJO
371,JAWA TENGAH,PURWOREJO,PURWOREJO,PANGENJURUTENGAH,SPPG Kab. Purworejo - Purworejo
372,JAWA TENGAH,PURWOREJO,NGOMBOL,SEBOROPASAR,SPPG Kab. Purworejo - Ngombol
373,JAWA TENGAH,REMBANG,SLUKE,SLUKE,SPPG Sluke Kab Rembang
374,JAWA TENGAH,REMBANG,LASEM,SUMBERGIRANG,SPPG Sumbergirang Lasem Rembang
375,JAWA TENGAH,SRAGEN,SRAGEN,SRAGEN KULON,SPPG Khusus Kabupaten Sragen
376,JAWA TENGAH,SRAGEN,GEMOLONG,GEMOLONG,SPPG Yayasan Masjid Miftahussalam Riftah
377,JAWA TENGAH,SRAGEN,GEMOLONG,NGEMBATPADAS,SPPG Ngembatpadas Gemolong Sragen
378,JAWA TENGAH,SUKOHARJO,SUKOHARJO,KRIWEN,SPPG Khusus Kab. Sukoharjo - Sukoharjo 01
379,JAWA TENGAH,SUKOHARJO,BAKI,PURBAYAN,SPPG Kab. Sukoharjo - Purbayan 06
380,JAWA TENGAH,SUKOHARJO,BAKI,PURBAYAN,PT Halalan Thayyiban Indonesia 5 (Wong Solo Group)
381,JAWA TENGAH,TEGAL,SLAWI,PAKEMBARAN,SPPG Khusus Kab. Tegal - Slawi
382,JAWA TENGAH,TEGAL,PAGERBARANG,SIDAMULYA,SPPG SIDOMULYO PAGERBARANG TEGAL
383,JAWA TENGAH,TEGAL,WARUREJA,KEDUNGKELOR,SPPG Kedungkelor Warureja Tegal
384,JAWA TENGAH,TEGAL,KRAMAT,MUNJUNGAGUNG,SPPG Munjungagung Kramat Tegal
385,JAWA TENGAH,TEMANGGUNG,TEMANGGUNG,MADURESO,SPPG Khusus Kab. Temanggung - Temanggung
386,JAWA TENGAH,WONOGIRI,BATURETNO,GLESUNGREJO,SPPG KHUSUS BATURETNO WONOGIRI
387,JAWA TENGAH,WONOSOBO,WONOSOBO,BUMIRESO,SPPG Kab. Wonosobo - Wonosobo
388,JAWA TENGAH,WONOSOBO,SELOMERTO,KALIERANG,SPPG KALIERANG SELOMERTO WONOSOBO
389,JAWA TENGAH,WONOSOBO,WONOSOBO,WONOSARI,SPPG WONOSARI WONOSOBO
390,JAWA TIMUR,BANGKALAN,BANGKALAN,KRATON,SPPG Kab. Bangkalan - Bangkalan
391,JAWA TIMUR,BANGKALAN,MODUNG,PATEREMAN,SPPG Bangkalan - Modung
392,JAWA TIMUR,BANYUWANGI,ROGOJAMPI,KARANGBENDO,SPPG Khusus Kab. Banyuwangi - Rogojampi
393,JAWA TIMUR,BANYUWANGI,SEMPU,JAMBEWANGI,SPPG Jambewangi Sempu Banyuwangi
394,JAWA TIMUR,BANYUWANGI,BANYUWANGI,KEBALENAN,SPPG Yayasan Kartika Nawa Indonesia Kebalenan Banyuwangi Jatim
395,JAWA TIMUR,BOJONEGORO,BOJONEGORO,KLANGON,SPPG Khusus Kab. Bojonegoro - Bojonegoro
396,JAWA TIMUR,BOJONEGORO,NGASEM,BANDUNGREJO,"SPPG Kab. Bojonegoro - Bandungrejo, Ngasem"
397,JAWA TIMUR,BOJONEGORO,DANDER,DANDER,SPPG Kab.Bojonegoro - Dander
398,JAWA TIMUR,BOJONEGORO,BOJONEGORO,SUKOREJO,SPPG Yayasan Pondok Pesantren Darul Qur`An Klepek Sukosewu Bojonegoro III
399,JAWA TIMUR,BONDOWOSO,BONDOWOSO,BADEAN,SPPG Khusus Kab. Bondowoso - Bondowoso
400,JAWA TIMUR,GRESIK,DUDUKSAMPEYAN,AMBENG - AMBENG WATANGREJO,SPPG Ambeng-Ambeng Watangrejo Duduksampeyan Gresik
401,JAWA TIMUR,GRESIK,MANYAR,SUCI,SPPG Suci Manyar Gresik
402,JAWA TIMUR,JOMBANG,JOMBANG,DENANYAR,SPPG Pondok Pesantren Mamba`ul Ma`arif Jombang
403,JAWA TIMUR,JOMBANG,JOMBANG,TAMBAKREJO,SPPG Yayasan Machfudhoh Aly Ubaid
404,JAWA TIMUR,JOMBANG,JOMBANG,TAMBAKREJO,SPPG PW Fatayat Nahdlatul Ulama Jatim
405,JAWA TIMUR,KEDIRI,PARE,PARE,SPPG Yayasan Pendidikan Islam Sunan Ampel Al Muhsini
406,JAWA TIMUR,KEDIRI,PARE,PARE,SPPG Yayasan Soepraoen Pare Kediri
407,JAWA TIMUR,KEDIRI,PARE,TULUNGREJO,SPPG Kediri Pare Tulungrejo
408,JAWA TIMUR,KEDIRI,WATES,WONOREJO,SPPG Kediri Wates Wonorejo
409,JAWA TIMUR,KEDIRI,KAYEN KIDUL,BANGSONGAN,SPPG Kab. Kediri - Kayen Kidul
410,JAWA TIMUR,KEDIRI,KRAS,SETONOREJO,SPPG Yayasan Maju Jamaah Nyawang Kras
411,JAWA TIMUR,KOTA MADIUN,MANGUHARJO,NAMBANGAN LOR,SPPG Khusus Kota Madiun - Manguharjo
412,JAWA TIMUR,KOTA MALANG,LOWOKWARU,TLOGOMAS,SPPG Bahrul Maghfiroh
413,JAWA TIMUR,KOTA MALANG,KLOJEN,BARENG,SPPG Kota Malang Klojen Bareng
414,JAWA TIMUR,KOTA MOJOKERTO,MAGERSARI,WATES,SPPG Kota Mojokerto Magersari Wates
415,JAWA TIMUR,KOTA PASURUAN,PURWOREJO,PURWOREJO,SPPG Kota Pasuruan - Purworejo
416,JAWA TIMUR,KOTA SURABAYA,WONOCOLO,JEMUR WONOSARI,SPPG Kota Surabaya - Wonocolo
417,JAWA TIMUR,KOTA SURABAYA,RUNGKUT,PENJARINGANSARI,SPPG Kota Surabaya - Rungkut
418,JAWA TIMUR,KOTA SURABAYA,BULAK,SUKOLILO BARU,SPPG Kota Surabaya Bulak Sukolilo Baru
419,JAWA TIMUR,KOTA SURABAYA,TAMBAKSARI,PACARKELING,SPPG Dapoer Toejoe Indonesia
420,JAWA TIMUR,LAMONGAN,PACIRAN,BANJARWATI,SPPG Lamongan Paciran Banjarwati I
421,JAWA TIMUR,LAMONGAN,PACIRAN,BANJARWATI,SPPG Lamongan Paciran Banjarwati II
422,JAWA TIMUR,LAMONGAN,LAMONGAN,SIDOKUMPUL,SPPG Kab. Lamongan - Lamongan
423,JAWA TIMUR,MAGETAN,MAGETAN,TAMBRAN,SPPG Kab. Magetan - Magetan
424,JAWA TIMUR,MAGETAN,SUKOMORO,TAMANAN,SPPG Yayasan Sahabat Anak Belajar Berprestasi
425,JAWA TIMUR,MALANG,KEPANJEN,PANGGUNGREJO,SPPG Khusus Kab. Malang - Kepanjen
426,JAWA TIMUR,MALANG,BULULAWANG,BULULAWANG,SPPG Yayasan Kartika Nawa Indonesia
427,JAWA TIMUR,MALANG,LAWANG,SIDODADI,SPPG Kab. Malang - Lawang
428,JAWA TIMUR,MALANG,BULULAWANG,KUWOLU,SPPG Kab. Malang - Bululawang 02
429,JAWA TIMUR,MALANG,PAKIS,MANGLIAWAN,SPPG Yayasan Harapan Anak Sekolah Sukses
430,JAWA TIMUR,MALANG,PONCOKUSUMO,WONOMULYO,SPPG Poncokusumo Wonomulyo Kab. Malang
431,JAWA TIMUR,MALANG,SINGOSARI,TAMANHARJO,SPPG Kab. Malang - Singosari
432,JAWA TIMUR,MALANG,SINGOSARI,RANDUAGUNG,"SPPG Yayasan Pendidikan Al Maarif Kec. Singosari, Kab. Malang"
433,JAWA TIMUR,MALANG,BULULAWANG,BULULAWANG,SPPG Kab. Malang - Bululawang 01
434,JAWA TIMUR,MOJOKERTO,NGORO,NGORO,SPPG Yayasan Anak Sekolah Indonesia Makmur Kec. Ngoro Kab. Mojokerto
435,JAWA TIMUR,NGANJUK,NGANJUK,GANUNG KIDUL,SPPG Nganjuk Nganjuk Ganung Kidul
436,JAWA TIMUR,NGAWI,NGAWI,NGAWI,SPPG Khusus Kab. Ngawi - Ngawi
437,JAWA TIMUR,PACITAN,PACITAN,SIDOHARJO,SPPG Khusus Kab. Pacitan - Pacitan 01
438,JAWA TIMUR,PACITAN,PACITAN,SIRNOBOYO,SPPG Kab. Pacitan - Pacitan 02
439,JAWA TIMUR,PAMEKASAN,PADEMAWU,LAWANGAN DAYA,SPPG Kab. Pamekasan - Pademawu
440,JAWA TIMUR,PASURUAN,PANDAAN,SUMBERGEDANG,SPPG Yayasan Anak Sekolah Indonesia Makmur
441,JAWA TIMUR,PONOROGO,PONOROGO,SURODIKRAMAN,SPPG Khusus Kab. Ponorogo - Ponorogo
442,JAWA TIMUR,SIDOARJO,CANDI,LARANGAN,SPPG Khusus Kab. Sidoarjo - Candi
443,JAWA TIMUR,SIDOARJO,SIDOARJO,SIDOKARE,SPPG Kab. Sidoarjo - Sidoarjo
444,JAWA TIMUR,SUMENEP,KOTA SUMENEP,KEBUNAGUNG,SPPG Kab. Sumenep - Kota Sumenep
445,JAWA TIMUR,TULUNGAGUNG,KALIDAWIR,SUKOREJO KULON,SPPG Yayasan Amanah Puri Annisa Kecamatan Kalidawir Kabupaten Tulungagung
446,JAWA TIMUR,TULUNGAGUNG,KEDUNGWARU,KEDUNGWARU,SPPG Kab.Tulungagung - Kedungwaru
447,JAWA TIMUR,TULUNGAGUNG,BOYOLANGU,BEJI,SPPG Kab. Tulungagung - Boyolangu
448,KALIMANTAN BARAT,BENGKAYANG,BENGKAYANG,SEBALO,SPPG Kab. Bengkayang-Sebalo
449,KALIMANTAN BARAT,KAPUAS HULU,PUTUSSIBAU UTARA,PALA PULAU,SPPG PALA PULAU PUTUSSIBAU UTARA
450,KALIMANTAN BARAT,KETAPANG,BENUA KAYONG,KINJIL PESISIR,SPPG KINJIL PESISIR BENUA KAYONG
451,KALIMANTAN BARAT,KETAPANG,DELTA PAWAN,SUKA HARJA,SPPG SUKA HARJA DELTA PAWAN II
452,KALIMANTAN BARAT,KETAPANG,DELTA PAWAN,SUKA HARJA,SPPG SUKA HARJA DELTA PAWAN I
453,KALIMANTAN BARAT,KOTA PONTIANAK,PONTIANAK SELATAN,PARITTOKAYA,SPPG PARITTOKAYA PONTIANAK SELATAN
454,KALIMANTAN BARAT,KOTA PONTIANAK,PONTIANAK SELATAN,AKCAYA,SPPG AKCAYA PONSEL
455,KALIMANTAN BARAT,KOTA PONTIANAK,PONTIANAK TENGGARA,BANGKABELITUNG DARAT,SPPG BANGKA BELITUNG DARAT PONTENG
456,KALIMANTAN BARAT,KOTA PONTIANAK,PONTIANAK BARAT,SUNGAIJAWI LUAR,SPPG SUNGAI JAWI LUAR PONTIANAK BARAT
457,KALIMANTAN BARAT,KOTA PONTIANAK,PONTIANAK TIMUR,DALAMBUGIS,SPPG DALAMBUGIS PONTIM
458,KALIMANTAN BARAT,KOTA PONTIANAK,PONTIANAK KOTA,SUNGAIBANGKONG,SPPG Pontianak - Pontianak Kota
459,KALIMANTAN BARAT,KOTA PONTIANAK,PONTIANAK TIMUR,DALAMBUGIS,SPPG DALAM BUGIS PONTIM II
460,KALIMANTAN BARAT,KOTA SINGKAWANG,SINGKAWANG UTARA,SUNGAI BULAN,SPPG SUNGAI BULAN SINGKARA
461,KALIMANTAN BARAT,KOTA SINGKAWANG,SINGKAWANG TENGAH,ROBAN,SPPG YAYASAN ADIWANGSA NUTRISI PERSADA
462,KALIMANTAN BARAT,KOTA SINGKAWANG,SINGKAWANG TENGAH,ROBAN,SPPG ROBAN SINGKAWANG TENGAH II
463,KALIMANTAN BARAT,KUBU RAYA,SUNGAI RAYA,SUNGAI RAYA,SPPG Kab. Kubu Raya - Sungai Raya 3
464,KALIMANTAN BARAT,KUBU RAYA,SUNGAI KAKAP,SUNGAI RENGAS,SPPG SUNGAI RENGAS SUNGAI KAKAP
465,KALIMANTAN BARAT,KUBU RAYA,SUNGAI RAYA,ARANG LIMBUNG,SPPG KAB.KUBU RAYA - SUNGAI RAYA 2
466,KALIMANTAN BARAT,KUBU RAYA,SUNGAI RAYA,SUNGAI RAYA,SPPG SUNGAI RAYA KUBU RAYA
467,KALIMANTAN BARAT,LANDAK,NGABANG,HILIR KANTOR,SPPG Kab. Landak - Ngabang 3
468,KALIMANTAN BARAT,LANDAK,NGABANG,HILIR KANTOR,SPPG HILIR KANTOR NGABANG II
469,KALIMANTAN BARAT,LANDAK,NGABANG,HILIR KANTOR,SPPG Hilir Kantor Ngabang IV
470,KALIMANTAN BARAT,LANDAK,NGABANG,TEBEDAK,SPPG Kab. Landak - Ngabang
471,KALIMANTAN BARAT,LANDAK,NGABANG,HILIR KANTOR,SPPG Kab. Landak - Ngabang 1
472,KALIMANTAN BARAT,MEMPAWAH,SUNGAI PINYUH,SUNGAI PINYUH,SPPG KAB. MEMPAWAH - SUNGAI PINYUH
473,KALIMANTAN BARAT,SAMBAS,SAMBAS,DALAM KAUM,SPPG Kab. Sambas - Sambas
474,KALIMANTAN BARAT,SANGGAU,KAPUAS,BUNUT,SPPG BUNUT KAPUAS
475,KALIMANTAN BARAT,SEKADAU,SEKADAU HILIR,MUNGGUK,SPPG Kab. Sekadau - Sekadau Hilir
476,KALIMANTAN BARAT,SINTANG,SUNGAI TEBELIAN,SUNGAI UKOI,SPPG Yayasan Lembaga Pendidikan Pondok Pesantren Modern Al Iman
477,KALIMANTAN SELATAN,BANJAR,MARTAPURA,SUNGAI SIPAI,SPPG MARTAPURA SUNGAI SIPAI
478,KALIMANTAN SELATAN,KOTA BANJARMASIN,BANJARMASIN SELATAN,PEMURUS BARU,SPPG Kota Banjarmasin - Banjarmasin Selatan
479,KALIMANTAN SELATAN,KOTA BANJARMASIN,BANJARMASIN UTARA,PANGERAN,SPPG Kota Banjarmasin - Banjarmasin Utara
480,KALIMANTAN SELATAN,TANAH BUMBU,SIMPANG EMPAT,KAMPUNG BARU,SPPG Kab. Tanah Bumbu - Simpang Empat
481,KALIMANTAN TENGAH,KOTA PALANGKARAYA,JEKAN RAYA,PALANGKA,SPPG KOTA PALANGKA RAYA - KEC. JEKAN RAYA 02
482,KALIMANTAN TENGAH,KOTA PALANGKARAYA,JEKAN RAYA,PALANGKA,SPPG Kota Palangka Raya - Jekan Raya
483,KALIMANTAN TENGAH,KOTAWARINGIN TIMUR,MENTAWA BARU KETAPANG,MENTAWA BARU HILIR,SPPG MENTAWA BARU MENTAWA BARU HILIR
484,KALIMANTAN TIMUR,KOTA BALIKPAPAN,BALIKPAPAN SELATAN,SEPINGGAN,SPPG Yayasan Abata Madrasati Jannati Balikpapan
485,KALIMANTAN TIMUR,KOTA BALIKPAPAN,BALIKPAPAN SELATAN,SEPINGGAN,SPPG Yayasan Dakwah Islam Nasrullah Balikpapan
486,KALIMANTAN TIMUR,KOTA SAMARINDA,SAMARINDA UTARA,SEMPAJA UTARA,SPPG Samarinda - Samarinda Utara
487,KALIMANTAN TIMUR,KUTAI KARTANEGARA,TENGGARONG,PANJI,SPPG Yayasan Abata Madrasati Jannati
488,KALIMANTAN UTARA,KOTA TARAKAN,TARAKAN UTARA,JUATA KERIKIL,SPPG Juata Kerikil Tarakan Utara Kota Tarakan
489,KALIMANTAN UTARA,NUNUKAN,NUNUKAN,NUNUKAN BARAT,SPPG Kab. Nunukan - Nunukan
490,KALIMANTAN UTARA,NUNUKAN,NUNUKAN SELATAN,MANSAPA,SPPG Kab. Nunukan - Nunukan Selatan
491,KEPULAUAN BANGKA BELITUNG,BELITUNG,TANJUNG PANDAN,DUKONG,SPPG TANJUNG PANDAN
492,KEPULAUAN BANGKA BELITUNG,BELITUNG TIMUR,DAMAR,MENGKUBANG,SPPG Kab. Belitung Timur - Damar
493,KEPULAUAN RIAU,KEPULAUAN ANAMBAS,SIANTAN TENGAH,AIR ASUK,SPPPG Yayasan Pangan Intan Permata
494,KEPULAUAN RIAU,KOTA BATAM,BENGKONG,BENGKONG LAUT,SPPG Kota Batam - Bengkong
495,KEPULAUAN RIAU,KOTA BATAM,SEI BEDUK,MUKA KUNING,SPPG Kota Batam - Sei Beduk
496,KEPULAUAN RIAU,KOTA BATAM,BATAM KOTA,BALOI PERMAI,SPPG BATAM KOTA
497,KEPULAUAN RIAU,KOTA TANJUNG PINANG,BUKIT BESTARI,TANJUNG PINANG TIMUR,SPPG Kota Tanjung Pinang - Bukit Bestari
498,KEPULAUAN RIAU,KOTA TANJUNG PINANG,TANJUNG PINANG TIMUR,PINANG KENCANA,SPPG TANJUNG PINANG TIMUR
499,LAMPUNG,KOTA BANDAR LAMPUNG,TELUKBETUNG SELATAN,SUMUR PUTRI,SPPG Kota Bandar Lampung Telukbetung Selatan Sumur Putri
500,LAMPUNG,KOTA BANDAR LAMPUNG,ENGGAL,RAWALAUT,SPPG Kota Bandar Lampung - Enggal
501,LAMPUNG,KOTA METRO,METRO PUSAT,YOSOMULYO,SPPG Kota Metro - Metro Pusat
502,LAMPUNG,LAMPUNG SELATAN,TANJUNG BINTANG,SERDANG,SPPG Lampung Selatan Tanjung Bintang Serdang
503,LAMPUNG,LAMPUNG SELATAN,KALIANDA,WAY URANG,SPPG KALIANDA WAY URANG
504,LAMPUNG,LAMPUNG TENGAH,KALIREJO,PONCO WARNO,SPPG Kab. Lampung Tengah - Kalirejo
505,LAMPUNG,LAMPUNG TENGAH,BANDAR MATARAM,MATARAM UDIK,SPPG Kab. Lampung Tengah - Bandar Mataram
506,LAMPUNG,LAMPUNG TIMUR,SEKAMPUNG,SUMBER GEDE,SPPG Lampung Timur Sekampung Sumber Gede
507,LAMPUNG,LAMPUNG TIMUR,BRAJA SELEBAH,BRAJA MULYA,SPPG BRAJA SELEBAH BRAJA MULYA
508,LAMPUNG,LAMPUNG UTARA,BUKIT KEMUNING,BUKIT KEMUNING,SPG Bukit Kemuning Kabupaten Lampung Utara
509,LAMPUNG,MESUJI,TANJUNG RAYA,BRABASAN,SPPG Mesuji Tanjung Raya Brabasan
510,LAMPUNG,PESAWARAN,TELUK PANDAN,BATU MENYAN,"SPPG Khusus Yayasan Salman  Peduli Berkarya  Kecamatan Teluk Pandan,  Kabupaten Pesawaran"
511,LAMPUNG,PRINGSEWU,AMBARAWA,MARGODADI,SPPG AMBARAWA MARGODADI
512,LAMPUNG,PRINGSEWU,PRINGSEWU,PRINGSEWU SELATAN,SPPG Kab. Pringsewu - Pringsewu
513,LAMPUNG,PRINGSEWU,GADING REJO,WONODADI,SPPG GADING REJO
514,LAMPUNG,TULANG BAWANG,BANJAR MARGO,AGUNG DALAM,SPPG Kab. Tulang Bawang - Banjar Margo
515,LAMPUNG,TULANG BAWANG BARAT,TULANG BAWANG TENGAH,PENUMANGAN,SPPG Kab. Tulang Bawang Barat - Tulang Bawang Tengah
516,LAMPUNG,WAY KANAN,BARADATU,TAMAN ASRI,SPPG Way Kanan Baradatu Taman Asri
517,LAMPUNG,WAY KANAN,BLAMBANGAN UMPU,LEMBASUNG,SPPG Kab. Way Kanan - Blambangan Umpu
518,MALUKU,BURU SELATAN,NAMROLE,KAMLANGLALE,SPPG Kec. Namrole Buru Selatan
519,MALUKU,KOTA AMBON,BAGUALA,WAIHERU,SPPG Kota Ambon - Teluk Baguala
520,MALUKU,KOTA AMBON,TELUK AMBON,HATIVE BESAR,SPPG Kota Ambon - Teluk Ambon
521,MALUKU,KOTA TUAL,PULAU DULLAH SELATAN,KETSOBLAK,SPPG Kec. Pulau Dullah Selatan
522,MALUKU,MALUKU BARAT DAYA,MOA LAKOR,TIAKUR,SPPG Tiakur Moa Lakor Maluku Barat Daya
523,MALUKU,MALUKU TENGAH,KOTA MASOHI,NAMAELO,"SPPG Kec. Kota Masohi, Kab. Maluku Tengah"
524,MALUKU,MALUKU TENGAH,LEIHITU,HITUMESSING,SPPG Kec Leihitu
525,MALUKU,MALUKU TENGGARA,KEI KECIL,OHOIJANG WATDEK,"SPPG Kec. Kei Kecil, Kab. Maluku Tenggara"
526,MALUKU,SERAM BAGIAN BARAT,HUAMUAL,LOKKI,SPPG Kec. Huamual
527,MALUKU UTARA,HALMAHERA BARAT,JAILOLO,GALALA,SPPG JAILOLO GALALA
528,MALUKU UTARA,HALMAHERA BARAT,JAILOLO,GUAIMAADU,SPPG JAILOLO GUAIMAADU
529,MALUKU UTARA,HALMAHERA SELATAN,BACAN SELATAN,TEMBAL,SPPG Kab. Halmahera Selatan - Bacan Selatan
530,MALUKU UTARA,HALMAHERA SELATAN,BACAN,AMASING KOTA,SPPG BACAN AMASING KOTA
531,MALUKU UTARA,HALMAHERA UTARA,KAO,KAO,SPPG Kao Kao Halmahera Utara
532,MALUKU UTARA,HALMAHERA UTARA,TOBELO,GURA,SPPG TOBELO GURA
533,MALUKU UTARA,HALMAHERA UTARA,MALIFUT,NGOFA BOBAWA,SPPG Ngofa Bobawa Malifut Halmahera Utara
534,MALUKU UTARA,KOTA TERNATE,PULAU TERNATE,KASTELA,SPPG Khusus Kota Ternate - Pulau Ternate
535,MALUKU UTARA,KOTA TERNATE,KOTA TERNATE UTARA,TUBO,SPPG Tubo Kota Ternate Utara Kota Ternate
536,MALUKU UTARA,KOTA TERNATE,KOTA TERNATE TENGAH,KALUMPANG,SPPG Kota Ternate -  Kota Ternate Tengah
537,MALUKU UTARA,KOTA TERNATE,KOTA TERNATE TENGAH,TAKOMA,SPPG Kota Ternate - Ternate Tengah
538,MALUKU UTARA,KOTA TERNATE,KOTA TERNATE UTARA,SANGO,SPPG TERNATE UTARA SANGO
539,MALUKU UTARA,KOTA TERNATE,KOTA TERNATE UTARA,DUFA-DUFA,SPPG TERNATE UTARA DUFADUFA
540,MALUKU UTARA,PULAU MOROTAI,MOROTAI SELATAN,JUANGA,SPPG MOROTAI SELATAN JUANGA
541,NUSA TENGGARA BARAT,BIMA,MADAPANGGA,MPURI,SPPG MADAPANGGA BIMA
542,NUSA TENGGARA BARAT,KOTA BIMA,ASAKOTA,JATIWANGI,SPPG KOTA BIMA - ASAKOTA
543,NUSA TENGGARA BARAT,KOTA MATARAM,CAKRANEGARA,SAYANG-SAYANG,SPPG KOTA MATARAM-CAKRANEGARA
544,NUSA TENGGARA BARAT,KOTA MATARAM,SELAPARANG,REMBIGA,SPPG Kota Mataram - Rembiga
545,NUSA TENGGARA BARAT,KOTA MATARAM,SEKARBELA,KARANG PULE,SPPG KOTA MATARAM - SEKARBELA
546,NUSA TENGGARA BARAT,LOMBOK BARAT,KEDIRI,RUMAK,SPPG Kabupaten Lombok Barat - Kediri
547,NUSA TENGGARA BARAT,LOMBOK BARAT,LEMBAR,LEMBAR SELATAN,SPPG KAB. LOMBOK BARAT - LEMBAR
548,NUSA TENGGARA BARAT,LOMBOK BARAT,GERUNG,DASAN GERES,SPPG Kab. Lombok Barat - Gerung 2
549,NUSA TENGGARA BARAT,LOMBOK BARAT,NARMADA,GERIMAX INDAH,SPPG kab. Lombok Barat - Narmada
550,NUSA TENGGARA BARAT,LOMBOK BARAT,LINGSAR,BATU KUMBUNG,SPPG KABUPATEN LOMBOK BARAT - LINGSAR
551,NUSA TENGGARA BARAT,LOMBOK BARAT,LABUAPI,BENGKEL,SPPG Kab. Lombok Barat - Labuapi
552,NUSA TENGGARA BARAT,LOMBOK BARAT,KURIPAN,KURIPAN,SPPG Kab. Lombok Barat - Kuripan
553,NUSA TENGGARA BARAT,LOMBOK TENGAH,PRAYA BARAT,BONDER,SPPG BONDER PRAYA BARAT LOMTENG
554,NUSA TENGGARA BARAT,LOMBOK TENGAH,PRAYA TIMUR,SUKARAJA,SPPG SUKARAJA PRAYA TIMUR LOTENG
555,NUSA TENGGARA BARAT,LOMBOK TENGAH,JONGGAT,PENGENJEK,SPPG Kab. Lombok Tengah - Jonggat
556,NUSA TENGGARA BARAT,LOMBOK TENGAH,PRAYA,MONTONG TEREP,SPPG MONTONG TEREP PRAYA LOMTENG
557,NUSA TENGGARA BARAT,LOMBOK TENGAH,PRINGGARATA,BAGU,SPPG BAGU PRINGGARATA LOMTENG
558,NUSA TENGGARA BARAT,LOMBOK TENGAH,PUJUT,MERTAK,SPPG Kab. Lombok Tengah - Praya Timur
559,NUSA TENGGARA BARAT,LOMBOK TENGAH,PRAYA TENGAH,JONTLAK,SPPG JONTLAK PRAYA TENGAH LOTENG
560,NUSA TENGGARA BARAT,LOMBOK TENGAH,PRINGGARATA,MURBAYA,SPPG Kab. Lombok Tengah - Pringgarata
561,NUSA TENGGARA BARAT,LOMBOK TIMUR,SAKRA,SAKRA,"SPPG SAKRA PUSAT, KEC. SAKRA, KAB.LOTIM"
562,NUSA TENGGARA BARAT,LOMBOK TIMUR,SAKRA,RUMBUK TIMUR,SPPG Kab. Lombok Timur - Sakra
563,NUSA TENGGARA BARAT,LOMBOK TIMUR,SELONG,SANDU BAYA,SPPG Kab. Lombok Timur - Selong
564,NUSA TENGGARA BARAT,LOMBOK TIMUR,AIKMEL,AIKMEL BARAT,SPPG Kab. Lombok Timur - Aikmel
565,NUSA TENGGARA BARAT,LOMBOK TIMUR,MASBAGIK,MASBAGIK TIMUR,SPPG MASBAGIK TIMUR MASBAGIK LOMTIM
566,NUSA TENGGARA BARAT,LOMBOK UTARA,BAYAN,ANYAR,SPPG ANYAR BAYAN LOMUT
567,NUSA TENGGARA BARAT,SUMBAWA,LUNYUK,LUNYUK ODE,SPPG Kab. Sumbawa - Lunyuk
568,NUSA TENGGARA BARAT,SUMBAWA BARAT,BRANG REA,TEPAS,SPPG Kab. Sumbawa Barat - Brang Rea
569,NUSA TENGGARA TIMUR,ALOR,TELUK MUTIARA,KALABAHI TIMUR,SPPG Kab. Alor-Teluk Mutiara 2
570,NUSA TENGGARA TIMUR,BELU,ATAMBUA BARAT,BEIRAFU,SPPG Kab.Belu-Atambua Barat 2
571,NUSA TENGGARA TIMUR,ENDE,NDONA,LOKOBOKO,SPPG Kab. Ende - Ndona 2
572,NUSA TENGGARA TIMUR,KOTA KUPANG,ALAK,NAMOSAIN,SPPG Khusus Kota Kupang - Alak
573,NUSA TENGGARA TIMUR,KOTA KUPANG,KELAPA LIMA,KELAPA LIMA,SPPG KOTA KUPANG - KELAPA LIMA 4
574,NUSA TENGGARA TIMUR,KOTA KUPANG,OEBOBO,OEBOBO,SPPG KOTA KUPANG - OEBOBO 2
575,NUSA TENGGARA TIMUR,KOTA KUPANG,KELAPA LIMA,OESAPA BARAT,SPPG KOTA KUPANG - KELAPA LIMA 1
576,NUSA TENGGARA TIMUR,KUPANG,KUPANG TENGAH,NOELBAKI,SPPG Kab. Kupang - Kupang Tengah
577,NUSA TENGGARA TIMUR,LEMBATA,NUBATUKAN,LEWOLEBA TIMUR,SPPG Kab. Lembata - Nubatukan
578,NUSA TENGGARA TIMUR,MANGGARAI BARAT,KOMODO,BATU CERMIN,SPPG Kab. Manggarai Barat - Komodo 2
579,NUSA TENGGARA TIMUR,NGADA,BAJAWA,NGEDUKELU,SPPG Ngedukelu Bajawa Ngada NTT
580,NUSA TENGGARA TIMUR,ROTE NDAO,LOBALAIN,METINA,SPPG KAB. ROTE NDAO- METINA
581,NUSA TENGGARA TIMUR,SIKKA,ALOK,KOTA UNENG,SPPG Kab. Sikka - Alok 2
582,NUSA TENGGARA TIMUR,SUMBA BARAT,LOLI,SOBAWAWI,SPPG Kab. Sumba Barat - Loli 2
583,NUSA TENGGARA TIMUR,SUMBA BARAT DAYA,KOTA TAMBOLAKA,RADA MATA,SPPG TAMBOLAKA RADAMATA
584,NUSA TENGGARA TIMUR,SUMBA TIMUR,KOTA WAINGAPU,HAMBALA,SPPG Sumba Timur - Kota Waingapu 2
585,NUSA TENGGARA TIMUR,TIMOR TENGAH UTARA,KOTA KEFAMENANU,KEFAMENANU SELATAN,SPPG Kab. Timor Tengah Utara - Kota Kefamenanu
586,P A P U A,BIAK NUMFOR,SAMOFA,BRAMBAKEN,SPPG KABUPATEN BIAK NUMFOR 1
587,P A P U A,KEPULAUAN YAPEN,YAPEN SELATAN,SERUI KOTA,SPPG YAPEN SELATAN
588,PAPUA BARAT,FAK FAK,PARIWARI,WAGOM,SPPG Kab. Fak-Fak - Pariwari
589,PAPUA BARAT,KAIMANA,KAIMANA,KAIMANA KOTA,SPPG KAIMANA
590,PAPUA BARAT,MANOKWARI,MANOKWARI BARAT,MANOKWARI TIMUR,SPPG Kab. Manokwari - Manokwari Barat
591,PAPUA BARAT,MANOKWARI,MANOKWARI BARAT,AMBAN,SPPG MANOKWARI BARAT AMBAN
592,PAPUA BARAT,MANOKWARI,MANOKWARI TIMUR,PASIR PUTIH,SPPG MANOKWARI TIMUR
593,PAPUA BARAT,MANOKWARI,MANOKWARI BARAT,MANOKWARI BARAT,SPPG Manokwari Barat Manokwari
594,PAPUA BARAT,MANOKWARI SELATAN,RANSIKI,RANSIKI,SPPG Kab. Manokwari Selatan - Ransiki
595,PAPUA BARAT DAYA,KOTA SORONG,SORONG BARAT,PAL PUTIH,SPPG Khusus Kota Sorong - Sorong Barat
596,PAPUA BARAT DAYA,KOTA SORONG,MALAIMSIMSA,KLABULU,SPPG Malaimsimsa
597,PAPUA BARAT DAYA,RAJA AMPAT,KOTA WAISAI,WAISAI,SPPG KOTA WAISAI
598,PAPUA BARAT DAYA,SORONG,MARIAT,KLAMALU,SPPG MARIAT KLAMALU
599,PAPUA PEGUNUNGAN,YAHUKIMO,DEKAI,DEKAI,SPPG Kab. Yahukimo - Dekai
600,PAPUA SELATAN,MERAUKE,MERAUKE,MANDALA,SPPG Khusus Kab. Merauke - Merauke
601,PAPUA TENGAH,PUNCAK,ILAGA,KIMAK,SPPG Puncak Ilaga Kimak
602,RIAU,BENGKALIS,MANDAU,GAJAH SAKTI,SPPG Kab. Bengkalis - Mandau
603,RIAU,BENGKALIS,BATHIN SOLAPAN,AIR KULIM,SPPG Kab. Bengkalis - Bathin Solapan
604,RIAU,INDRAGIRI HILIR,TEMBILAHAN,TEMBILAHAN HILIR,SPPG KEC. TEMBILAHAN INHIL
605,RIAU,INDRAGIRI HULU,SIBERIDA,PANGKALAN KASAI,SPPG PANGKALAN KASAI SIBERIDA INDHUL
606,RIAU,KAMPAR,KAMPA,KAMPAR,SPPG Kab. Kampar - Kampa
607,RIAU,KAMPAR,KAMPAR KIRI TENGAH,SIMALINYANG,SPPG Kab. Kampar - Kampar Kiri Tengah
608,RIAU,KEPULAUAN MERANTI,TEBING TINGGI,SELATPANJANG TIMUR,SPPG SELAT PANJANG TIMUR TEBING TINGGI KEP MERANTI
609,RIAU,KOTA DUMAI,DUMAI KOTA,BINTAN,SPPG Kota Dumai - Dumai Kota
610,RIAU,KOTA PEKANBARU,TUAHMADANI,SIDOMULYO BARAT,SPPG Kota Pekanbaru - Tuah Madani
611,RIAU,KOTA PEKANBARU,MARPOYAN DAMAI,SIDOMULYO TIMUR,SPPG Kota Pekanbaru - Marpoyan Damai
612,RIAU,KUANTAN SINGINGI,KUANTAN TENGAH,KOTO TALUK,SPPG KOTO TALUK KUANTAN TENGAH SINGINGI
613,RIAU,PELALAWAN,PANGKALAN KERINCI,PANGKALAN KERINCI BARAT,SPPG Pangkalan Kerinci Pelalawan Riau
614,RIAU,ROKAN HILIR,BANGKO,BAGAN KOTA,SPPG Kab. Rokan Hilir - Bangko
615,RIAU,ROKAN HILIR,TANAH PUTIH,BANJAR XII,SPPG Kab. Rokan Hilir - Tanah Putih
616,RIAU,ROKAN HULU,RAMBAH,PEMATANG BERANGAN,SPPG Pematang Berangan Rambah Rokan Hulu Riau
617,RIAU,SIAK,TUALANG,PERAWANG,SPPG Siak - Tualang
618,SULAWESI BARAT,MAMUJU,SIMBORO,RANGAS,SPPG Kab. Mamuju - Simboro
619,SULAWESI SELATAN,BANTAENG,BISSAPPU,BONTO SUNGGU,Yayasan Pengkajian Al-Qur`an dan Hadist (YAPQAH) Kecamatan Bissappu Kabupaten Bantaeng
620,SULAWESI SELATAN,BANTAENG,BANTAENG,LEMBANG,SPPG Kab. Bantaeng Kec bantaeng Kel Lembang
621,SULAWESI SELATAN,BANTAENG,BANTAENG,LEMBANG,SPPG Bantaeng Bantaeng Lembang II
622,SULAWESI SELATAN,BARRU,BARRU,COPPO,SPPG Kab. Barru - Barru
623,SULAWESI SELATAN,BULUKUMBA,UJUNG BULU,CAILE,SPPG Kota Bulukumba - Ujung Bulu 02
624,SULAWESI SELATAN,BULUKUMBA,UJUNG BULU,CAILE,SPPG Kab. Bulukumba - Ujung Bulu 01
625,SULAWESI SELATAN,GOWA,SOMBA OPU,PANDANG PANDANG,SPPG Kab. Gowa - Somba Opu 01
626,SULAWESI SELATAN,GOWA,PALLANGGA,TETEBATU,SPPG Kab Gowa - Pallangga 1
627,SULAWESI SELATAN,GOWA,SOMBA OPU,SUNGGUMINASA,SPPG KAB. GOWA - SOMBA OPU 02
628,SULAWESI SELATAN,JENEPONTO,BINAMU,EMPOANG SELATAN,SPPG Kab. Jeneponto - Binamu
629,SULAWESI SELATAN,JENEPONTO,TURATEA,KAYULOE TIMUR,SPPG Kayuloe Timur Turatea Jeneponto
630,SULAWESI SELATAN,JENEPONTO,TAMALATEA,BONTO TANGNGA,SPPG Kab.Jeneponto-Tamalatea
631,SULAWESI SELATAN,JENEPONTO,BATANG,TOGO TOGO,SPPG Kab. Jeneponto - Batang
632,SULAWESI SELATAN,KOTA MAKASSAR,PANAKKUKANG,MASALE,SPPG Kota Makassar - Panakkukang
633,SULAWESI SELATAN,KOTA MAKASSAR,BIRINGKANAYA,BAKUNG,SPPG Kab. Makassar - Biringkanaya
634,SULAWESI SELATAN,KOTA MAKASSAR,MANGGALA,BANGKALA,SPPG Kota Makassar Kec. Manggala 1
635,SULAWESI SELATAN,KOTA MAKASSAR,MAMAJANG,PARANG,SPPG Kota Makassar - Mamajang
636,SULAWESI SELATAN,KOTA MAKASSAR,RAPPOCINI,TIDUNG,SPPG Rappocini Kota Makasar
637,SULAWESI SELATAN,MAROS,MANDAI,BONTOA,SPPG Kab. Maros - Mandai 02
638,SULAWESI SELATAN,MAROS,MANDAI,BONTOA,SPPG Kab. Maros - Mandai 01
639,SULAWESI SELATAN,PANGKAJENE DAN KEPULAUAN,MINASA TENE,BONTO LANGKASA,SPPG Kab. Pangkajene Kepulauan - Minasa Tene
640,SULAWESI SELATAN,SIDENRENG RAPPANG,WATANG PULU,CIRO-CIROE,SPPG Sidenreng Rappang Watang Pulu Ciro-Ciroe
641,SULAWESI SELATAN,SIDENRENG RAPPANG,MARITENGNGAE,WALA,SPPG Sidenreng Rappang Maritengngae Wala
642,SULAWESI SELATAN,SINJAI,SINJAI UTARA,BALANGNIPA,SPPG Balangnipa Sinjai Utara Sinjai
643,SULAWESI SELATAN,TAKALAR,MANGARABOMBANG,MANGADU,SPPG Takalar Mangarabombang Mangadu
644,SULAWESI SELATAN,TANA TORAJA,MAKALE,PANTAN,SPPG Kab. Tana Toraja - Makale
645,SULAWESI SELATAN,TORAJA UTARA,RANTEPAO,PASELE,SPPG Toraja Utara Rantepao Pasele
646,SULAWESI SELATAN,WAJO,TEMPE,LAPONGKODA,SPPG Kab. Wajo - Tempe
647,SULAWESI TENGAH,BANGGAI,TOILI,SAMALORE,SPPG Kab. Banggai - Toili
648,SULAWESI TENGAH,BANGGAI KEPULAUAN,TINANGKUNG,BAKA,SPPG Banggai Kepulauan Tinangkung Baka
649,SULAWESI TENGAH,BUOL,BOKAT,BONGO,SPPG Buol Bokat Bongo
650,SULAWESI TENGAH,DONGGALA,BANAWA,GANTI,SPPG Donggala Banawa Ganti
651,SULAWESI TENGAH,KOTA PALU,PALU TIMUR,LOLU UTARA,SPPG Khusus Kota Palu - Palu Timur
652,SULAWESI TENGAH,KOTA PALU,TATANGA,NUNU,SPPG Kota Palu - Tatanga
653,SULAWESI TENGAH,POSO,POSO KOTA,KAYAMANYA,SPPG Poso Poso Kota Kayamanya
654,SULAWESI TENGAH,TOLI TOLI,BAOLAN,PANASAKAN,SPPG Toli Toli Baolan Panasakan
655,SULAWESI TENGGARA,KONAWE,UNAAHA,UNAAHA,SPPG Mandiri Yayasan Abata Madrasati Jannati
656,SULAWESI TENGGARA,KOTA BAU BAU,SORAWOLIO,KAISABU BARU,SPPG SORAWOLIO KOTA BAUBAU
657,SULAWESI TENGGARA,KOTA BAU BAU,MURHUM,LAMANGGA,SPPG Murhum
658,SULAWESI TENGGARA,KOTA KENDARI,MANDONGA,MANDONGA,SPPG Khusus Kota Kendari - Mandonga
659,SULAWESI UTARA,KEP. SIAU TAGULANDANG BIARO,SIAU BARAT,PANIKI,SPPG Paniki Siau Barat SULUT
660,SULAWESI UTARA,KEPULAUAN SANGIHE,TAMAKO,NAGHA I,SPPG TAMAKO NAGHA I
661,SULAWESI UTARA,KOTA BITUNG,MADIDIR,PACEDA,SPPG MADIDIR PACEDA
662,SULAWESI UTARA,KOTA MANADO,MALALAYANG,WINANGUN DUA,SPPG Khusus Kota Manado - Malalayang
663,SULAWESI UTARA,KOTA MANADO,MAPANGET,BENGKOL,SPPG MAPANGET BENGKOL
664,SULAWESI UTARA,MINAHASA,LANGOWAN UTARA,TORAGET,SPPG Khusus Minahasa - Langowan Utara
665,SUMATERA BARAT,KOTA BUKITTINGGI,GUGUAK PANJANG,TAROK DIPO,SPPG Kota Bukit Tinggi Guguak Panjang Tarok Dipo
666,SUMATERA BARAT,KOTA PAYAKUMBUH,PAYAKUMBUH BARAT,PAYOLANSEK,SPPG Kota Payakumbuh - Payakumbuh Barat
667,SUMATERA BARAT,PADANG PARIAMAN,NAN SABARIS,PAUH KAMBAR,SPPG Kota Pariaman - Pariaman Tengah
668,SUMATERA BARAT,PESISIR SELATAN,IV JURAI,PAINAN TIMUR PAINAN,"SPPG Yayasan Al Fath Umniah Marza, Kecamatan IV Jurai, Kabupaten Pesisir Selatan"
669,SUMATERA BARAT,TANAH DATAR,LIMA KAUM,BARINGIN,SPPG Kabupaten Tanah Datar - Lima Kaum
670,SUMATERA SELATAN,BANYUASIN,TALANG KELAPA,TALANG KERAMAT,SPPG Kab. Banyuasin - Talang Kelapa
671,SUMATERA SELATAN,EMPAT LAWANG,TEBING TINGGI,TANJUNGKUPANG,SPPG Tanjungkupang Tebing Tinggi Sumsel
672,SUMATERA SELATAN,KOTA LUBUK LINGGAU,LUBUK LINGGAU BARAT II,PASAR PERMIRI,Dapur nenek ning lubuk linggau barat ll
673,SUMATERA SELATAN,KOTA LUBUK LINGGAU,LUBUK LINGGAU SELATAN II,KARANG KETUAN,SPPG Karang Ketuan LLS II Kota Lubuk Linggau
674,SUMATERA SELATAN,KOTA LUBUK LINGGAU,LUBUK LINGGAU TIMUR II,JAWA KANAN,SPPG Kota Lubuklinggau - Lubuklinggau Timur II
675,SUMATERA SELATAN,KOTA PAGAR ALAM,PAGAR ALAM SELATAN,NENDAGUNG,SPPG Nendagung Pagar Alam Selatan Kota Pagar Alam
676,SUMATERA SELATAN,KOTA PALEMBANG,ILIR TIMUR SATU,SUNGAIPANGERAN,SPPG Kota Palembang - Ilir Timur I
677,SUMATERA SELATAN,KOTA PALEMBANG,KEMUNING,TALANGAMAN,SPPG Talangaman Kemuning Kota Palembang
678,SUMATERA SELATAN,KOTA PALEMBANG,ILIR TIMUR TIGA,DELAPAN ILIR,SPPG ILIR TIMUR 3 PALEMBANG
679,SUMATERA SELATAN,KOTA PALEMBANG,ILIR BARAT SATU,LOROKPAKJO,SPPG Lorokpakjo Ilir Barat Satu Kota Palembang
680,SUMATERA SELATAN,KOTA PALEMBANG,KALIDONI,BUKITSANGKAL,SPPG Bukit Sangkal Kalidoni Kota Palembang II
681,SUMATERA SELATAN,KOTA PALEMBANG,ILIR BARAT DUA,TIGA-PULUH-DUA ILIR,SPPG Ilir Barat II Kota Palembang
682,SUMATERA SELATAN,KOTA PALEMBANG,SUKARAMI,TALANGJAMBE,SPPG Talang Jambe Sukarami Kota Palembang
683,SUMATERA SELATAN,KOTA PALEMBANG,SEBERANG ULU DUA,ENAM-BELAS ULU,SPPG Yayasan Pendidikan Gani Nusantara Kecamatan Seberang Ulu Dua Kota Palembang
684,SUMATERA SELATAN,KOTA PALEMBANG,SUKARAMI,SUKAJAYA,SPPG Sukajaya Sukarami Kota Palembang
685,SUMATERA SELATAN,KOTA PALEMBANG,KEMUNING,SEKIPJAYA,SPPG Sekipjaya Kemuning Kota Palembang
686,SUMATERA SELATAN,KOTA PALEMBANG,ILIR BARAT SATU,SIRINGAGUNG,SPPG Kota Palembang - Ilir Barat I
687,SUMATERA SELATAN,KOTA PALEMBANG,GANDUS,KARANGANYAR,SPPG Gandus Kota Palembang
688,SUMATERA SELATAN,KOTA PALEMBANG,SAKO,SUKAMAJU,SPPG Sukamaju Sako Kota Palembang
689,SUMATERA SELATAN,KOTA PALEMBANG,KALIDONI,BUKITSANGKAL,SPPG Bukit Sangkal Kalidoni Kota Palembang
690,SUMATERA SELATAN,KOTA PALEMBANG,SEBERANG ULU SATU,LIMA ULU,SPPG 15 Ulu Seberang Ulu 1 Kota Palembang
691,SUMATERA SELATAN,KOTA PALEMBANG,SUKARAMI,SUKARAMI,SPPG Kota Palembang - Sukarami
692,SUMATERA SELATAN,KOTA PALEMBANG,KEMUNING,DUA-PULUH ILIR DUA,SPPG Dulapulu Ilir Dua Kemuning Kota Palembang
693,SUMATERA SELATAN,KOTA PALEMBANG,SAKO,SAKO,SPPG Sako Sako Kota Palembang
694,SUMATERA SELATAN,KOTA PRABUMULIH,PRABUMULIH SELATAN,MAJASARI,SPPG Kota Prabumulih - Prabumulih Selatan
695,SUMATERA SELATAN,KOTA PRABUMULIH,PRABUMULIH TIMUR,GUNUNG IBUL BARAT,SPPG Kec. Prabumulih Timur Kota Prabumulih
696,SUMATERA SELATAN,LAHAT,LAHAT,BANDAR JAYA,SPPG Bandar Jaya Lahat Sumsel
697,SUMATERA SELATAN,MUARA ENIM,MUARA ENIM,MUARA ENIM,"SPPG Yayasan Senyum Jiwa Kita Serasan, Mitra Pas Catering"
698,SUMATERA SELATAN,MUARA ENIM,MUARA ENIM,MUARA LAWAI,SPPG Muara Lawai Muara Enim Muara Enim
699,SUMATERA SELATAN,MUSI BANYUASIN,SEKAYU,SERASAN JAYA,SPPG Kab. Musi Banyuasin - Sekayu
700,SUMATERA SELATAN,MUSI BANYUASIN,BABAT TOMAN,TOMAN,SPPG Toman Babat Toman Muba
701,SUMATERA SELATAN,MUSI RAWAS,MUARA BELITI,MUARA BELITI BARU,SPPG Muara Beliti Musi Rawas
702,SUMATERA SELATAN,MUSI RAWAS,TUGUMULYO,TRIKOYO,SPPG Kab. Musi Rawas - Tugu Mulyo
703,SUMATERA SELATAN,MUSI RAWAS UTARA,RUPIT,BATU GAJAH BARU,SPPG Kab. Musi Rawas Utara - Rupit
704,SUMATERA SELATAN,OGAN ILIR,INDRALAYA,INDRALAYA MULIA,SPPG Indralaya Mulia Indralaya Ogan Ilir
705,SUMATERA SELATAN,OGAN ILIR,TANJUNG RAJA,TANJUNG RAJA TIMUR,SPPG Kab. Ogan Ilir - Tanjung Raja
706,SUMATERA SELATAN,OGAN ILIR,TANJUNG RAJA,BELANTI,SPPG Tiens Berkah Mandiri Tanjung Raja Ogan Ilir
707,SUMATERA SELATAN,OGAN KOMERING ILIR,KAYU AGUNG,KUTARAJA,SPPG Kutaraja Kayu Agung OKI
708,SUMATERA SELATAN,OGAN KOMERING ILIR,KAYU AGUNG,PAKU,SPPG Kab. Ogan Komering Ilir - Kayu Agung
709,SUMATERA SELATAN,OGAN KOMERING ILIR,KAYU AGUNG,TANJUNG RANCING,SPPG Tanjung Rancing Kayu Agung OKI
710,SUMATERA SELATAN,OGAN KOMERING ILIR,KAYU AGUNG,SUKADANA,SPPG Sukadana Kayu Agung OKI
711,SUMATERA SELATAN,OGAN KOMERING ULU,BATURAJA TIMUR,BATURAJA LAMA,SPPG KAB. Ogan Komering Ulu - Baturaja Timur
712,SUMATERA SELATAN,OGAN KOMERING ULU TIMUR,MARTAPURA,KOTABARU SELATAN,SPPG Kotabaru Selatan Martapura OKUT
713,SUMATERA SELATAN,OGAN KOMERING ULU TIMUR,MARTAPURA,TERUKIS RAHAYU,SPPG Terukis Rahayu Martapura OKUT
714,SUMATERA SELATAN,PENUKAL ABAB LEMATANG ILIR,TALANG UBI,HANDAYANI MULYA,SPPG Yayasan Vieki Indira Sriwijaya Cabang Penukal Abab
715,SUMATERA UTARA,DELI SERDANG,LUBUK PAKAM,LUBUK PAKAM PEKAN,SPPG Deli Serdang Lubuk Pakam Lubuk Pakam Pekan
716,SUMATERA UTARA,DELI SERDANG,GALANG,GALANG KOTA,SPPG GALANG KOTA DELI SERDANG
717,SUMATERA UTARA,KOTA GUNUNGSITOLI,GUNUNGSITOLI,BAWODESOLO,SPPG Kota Gunungsitoli - Gunungsitoli
718,SUMATERA UTARA,KOTA MEDAN,MEDAN TIMUR,P BERAYAN BENGKEL,SPPG Khusus Kota Medan - Medan Timur
719,SUMATERA UTARA,KOTA MEDAN,MEDAN JOHOR,SUKA MAJU,SPPG SUKA MAJU MEDAN JOHOR
720,SUMATERA UTARA,KOTA MEDAN,MEDAN POLONIA,POLONIA,SPPG Kota Medan Medan Polonia Polonia
721,SUMATERA UTARA,KOTA SIBOLGA,SIBOLGA KOTA,PANCURAN GEROBAK,SPPG PANCURAN GEROBAK
722,SUMATERA UTARA,LANGKAT,STABAT,KWALA BINGAI,SPPG KWALA BINGAI STABAT
723,SUMATERA UTARA,SERDANG BEDAGAI,PANTAI CERMIN,PANTAI CERMIN KIRI,SPPG PANTAI CERMIN KIRI
724,SUMATERA UTARA,SERDANG BEDAGAI,TANJUNG BERINGIN,SUKAJADI,SPPG SUKAJADI TANJUNG BERINGIN
725,SUMATERA UTARA,TAPANULI SELATAN,BATANG ANGKOLA,SITAMPA SIMATORAS,SPPG BATANG ANGKOLA
726,SUMATERA UTARA,TAPANULI TENGAH,PANDAN,AEK TOLANG,SPPG AEK TOLANG PANDAN TAPTENG
